标题,标题链接,图片,lfcontact,类别_链接,类别
 Kupid AI  ,https://www.ainsfwtools.com/tool/kupid-ai/,https://www.ainsfwtools.com/wp-content/uploads/2025/03/kupid-ai-logo-150x150.jpg, The #1 platforms for chatting and creating your own AI girlfriend (NSFW)! ,https://www.ainsfwtools.com/tag/free-trial/,Free Trial
 Nudify.Me  ,https://www.ainsfwtools.com/tool/nudify-me/,https://www.ainsfwtools.com/wp-content/uploads/2024/05/nudify-me-logo-150x150.webp," Create DeepNude Images Online and on Telegram, Free! (No Blur) ",https://www.ainsfwtools.com/tag/free-trial/,Free Trial
 Dreampaint AI  ,https://www.ainsfwtools.com/tool/dreampaint-ai/,https://www.ainsfwtools.com/wp-content/uploads/2024/05/dreampaint-ai-150x150.jpg," Nudify and apply nsfw effects on your idols (facial, bukkake, futanari, shibari, tattoo). ",https://www.ainsfwtools.com/tag/free-trial/,Free Trial
 DeepNude No Blur  ,https://www.ainsfwtools.com/tool/deepnude-no-blur/,https://www.ainsfwtools.com/wp-content/uploads/2024/04/free-deepnude-app-150x150.jpg, Free And Best AI DeepNude Tool! ,https://www.ainsfwtools.com/tag/freemium/,Freemium
 PornJourney AI  ,https://www.ainsfwtools.com/tool/pornjourney-ai/,https://www.ainsfwtools.com/wp-content/uploads/2024/02/pornjourney-ai-porn-art-generator-logo.png," Create AI Porn Videos, Do AI Sexting, Make AI NSFW Stories And Generate AI Nude Images! ",https://www.ainsfwtools.com/tag/freemium/,Freemium
 Nud3  ,https://www.ainsfwtools.com/tool/nud3-ai/,https://www.ainsfwtools.com/wp-content/uploads/2025/04/nud3-150x150.png, New AI That Creates Deepfake Porn From A Single Photo! ,https://www.ainsfwtools.com/tag/free-trial/,Free Trial
 XXX AI Generator  ,https://www.ainsfwtools.com/tool/xxx-ai-generator/,https://www.ainsfwtools.com/wp-content/uploads/2025/03/ai-xxx-generator-150x150.jpg, AI Porn Video Generator With Image Generation Too! ,https://www.ainsfwtools.com/tag/free-trial/,Free Trial
 AI Image Generator Without Restrictions  ,https://www.ainsfwtools.com/tool/ai-image-generator-without-restrictions/,https://www.ainsfwtools.com/wp-content/uploads/2025/03/AI-Image-Generator-With-No-Restrictions.png, AI Image Generator With No Restrictions And Multiple Modes! ,https://www.ainsfwtools.com/tag/free-trial/,Free Trial
 Xjoy AI  ,https://www.ainsfwtools.com/tool/xjoy-ai/,https://www.ainsfwtools.com/wp-content/uploads/2025/02/XJoy.AI_.png," AI NSFW Platform With Short Video, Chatting, Face Changing, Undressing, And Sexy Pic Generation Features! ",https://www.ainsfwtools.com/tag/paid/,Paid
 AI Nudes Generator  ,https://www.ainsfwtools.com/tool/ai-nudes-generator/,https://www.ainsfwtools.com/wp-content/uploads/2025/03/AI-Nudes-Generator-Logo-150x150.jpg," Free AI Nude Generator Featuring Image And Video Creation For Anime, Realistic, Furry, Gay, And More Choices! ",https://www.ainsfwtools.com/tag/freemium/,Freemium
 Undress IA  ,https://www.ainsfwtools.com/tool/undress-ia/,https://www.ainsfwtools.com/wp-content/uploads/2025/03/undresser-ia-150x150.jpg, Undressing IA Tool With Female And Male Undress Capabilities! ,https://www.ainsfwtools.com/tag/free-trial/,Free Trial
 Xmode AI  ,https://www.ainsfwtools.com/tool/xmode-ai/,https://www.ainsfwtools.com/wp-content/uploads/2025/03/xmode.ai-logo-150x150.png, Exclusive Sexy Tools For AI Creators! ,https://www.ainsfwtools.com/tag/paid/,Paid
 Fanfic Maker  ,https://www.ainsfwtools.com/tool/fanfic-maker/,https://www.ainsfwtools.com/wp-content/uploads/2025/03/AI-Fanfic-Maker-150x150.jpg, NSFW Fanfic Creator With A Free Trial! ,https://www.ainsfwtools.com/tag/free-trial/,Free Trial
 Erotic AI  ,https://www.ainsfwtools.com/tool/erotic-ai/,https://www.ainsfwtools.com/wp-content/uploads/2025/03/Erotic-AI-Logo-150x150.jpg," Erotica AI Story Generator With Multi Lingual, Good Accuracy, And Customization Options! ",https://www.ainsfwtools.com/tag/free-trial/,Free Trial
 NSFW ChatGPT  ,https://www.ainsfwtools.com/tool/nsfw-chatgpt/,https://www.ainsfwtools.com/wp-content/uploads/2025/03/NSFW-ChatGPT-Logo-150x150.jpeg, NSFW Chat GPT With Talking And Image Generation Features! ,https://www.ainsfwtools.com/tag/free-trial/,Free Trial
 Janny AI  ,https://www.ainsfwtools.com/tool/janny-ai/,https://www.ainsfwtools.com/wp-content/uploads/2025/03/jannyai-150x150.png, Download Restricted Janitor AI NSFW Chatbots For Free! ,https://www.ainsfwtools.com/tag/free/,Free
 Unfiltered AI Chat  ,https://www.ainsfwtools.com/tool/unfiltered-ai-chat/,https://www.ainsfwtools.com/wp-content/uploads/2025/03/unfiltered-ai-150x150.png, Freemium AI Unfiltered Platform For Anime Fans! ,https://www.ainsfwtools.com/tag/freemium/,Freemium
 AI Image Generator No Restrictions  ,https://www.ainsfwtools.com/tool/ai-image-generator-no-restrictions/,https://www.ainsfwtools.com/wp-content/uploads/2025/02/AI-Image-Generator-No-Restrictions-1-150x150.jpg, Free AI Art Generator No Restrictions! ,https://www.ainsfwtools.com/tag/freemium/,Freemium
 AI Deepnude  ,https://www.ainsfwtools.com/tool/ai-deepnude/,https://www.ainsfwtools.com/wp-content/uploads/2025/02/AI-Deepnude-Maker.png, AI Deepnude Generator With Female And Male Undress Support! ,https://www.ainsfwtools.com/tag/free-trial/,Free Trial
 TakeItOff AI  ,https://www.ainsfwtools.com/tool/takeitoff-ai/,https://www.ainsfwtools.com/wp-content/uploads/2025/02/takeitoff-ai-logo-150x150.png," TakeItOff.AI Offers AI Undresser, NSFW Anime Generator, Face Swapper, Nude Girl Generator And More! ",https://www.ainsfwtools.com/tag/free-trial/,Free Trial
 FaceSwapLab  ,https://www.ainsfwtools.com/tool/faceswaplab/,https://www.ainsfwtools.com/wp-content/uploads/2025/02/faceswaplab-150x150.png, Professional AI Face Swapper for Videos & Photos! ,https://www.ainsfwtools.com/tag/freemium/,Freemium
 OurDream AI  ,https://www.ainsfwtools.com/tool/ourdream-ai/,https://www.ainsfwtools.com/wp-content/uploads/2025/02/Ourdream-ai-150x150.jpg, Create And Chat with AI Girlfriends And AI Boyfriends! ,https://www.ainsfwtools.com/tag/free-trial/,Free Trial
 Undress Girls  ,https://www.ainsfwtools.com/tool/undress-girls/,https://www.ainsfwtools.com/wp-content/uploads/2025/02/undressgirls-150x150.png, Undress Girl In Seconds Using This AI (Free Trial Available)! ,https://www.ainsfwtools.com/tag/free-trial/,Free Trial
 Darlink AI  ,https://www.ainsfwtools.com/tool/darlink-ai/,https://www.ainsfwtools.com/wp-content/uploads/2025/02/darlink.ai-logo-150x150.jpg, Create And Interact With Pre-Built Realistic And Anime AI Girlfriends! ,https://www.ainsfwtools.com/tag/free-trial/,Free Trial
 Mistress AI  ,https://www.ainsfwtools.com/tool/mistress-ai/,https://www.ainsfwtools.com/wp-content/uploads/2025/01/AI-Mistress-150x150.jpg, Satisfy By Submitting Yourself To These AI Mistress Chat Bots! ,https://www.ainsfwtools.com/tag/free-trial/,Free Trial
 Femdom AI Chat  ,https://www.ainsfwtools.com/tool/femdom-ai-chat/,https://www.ainsfwtools.com/wp-content/uploads/2025/01/femdom-ai-chat-150x150.jpg, This AI Femdom Chat Platform Let's You Play With 450+ Femdom Chatbots! ,https://www.ainsfwtools.com/tag/freemium/,Freemium
 AliveAI.App  ,https://www.ainsfwtools.com/tool/aliveai-app/,https://www.ainsfwtools.com/wp-content/uploads/2025/01/aliveai.app_-150x150.png, Free Uncensored AI Image Generator! ,https://www.ainsfwtools.com/tag/freemium/,Freemium
 Imagin8  ,https://www.ainsfwtools.com/tool/imagin8-art/,https://www.ainsfwtools.com/wp-content/uploads/2025/02/Imagin8-logo-150x150.jpg, Realistic And Anime AI NSFW Generator And Undresser! ,https://www.ainsfwtools.com/tag/paid/,Paid
 eHentai Chat  ,https://www.ainsfwtools.com/tool/ehentai-chat/,https://www.ainsfwtools.com/wp-content/uploads/2025/01/ehantai-chat-logo-150x150.png, Create And Interact With AI Hentai Chat Bots! ,https://www.ainsfwtools.com/tag/free-trial/,Free Trial
 AI Allure  ,https://www.ainsfwtools.com/tool/ai-allure/,https://www.ainsfwtools.com/wp-content/uploads/2024/08/AIAllure.com-logo.png, Experience unmatched realism with AI Allure—the ultimate NSFW AI companion! ,https://www.ainsfwtools.com/tag/freemium/,Freemium
 AI Blowjob  ,https://www.ainsfwtools.com/tool/ai-blowjob/,https://www.ainsfwtools.com/wp-content/uploads/2025/01/blowjob-ai-150x150.jpg, Freemium Blowjob AI Generator! ,https://www.ainsfwtools.com/tag/free-trial/,Free Trial
 AI Footjob  ,https://www.ainsfwtools.com/tool/ai-footjob/,https://www.ainsfwtools.com/wp-content/uploads/2025/01/footjob-ai-150x150.png, AI Feet Porn Generator With Anime And Realistic Generation Support! ,https://www.ainsfwtools.com/tag/free-trial/,Free Trial
 Foot Fetish AI  ,https://www.ainsfwtools.com/tool/foot-fetish-ai/,https://www.ainsfwtools.com/wp-content/uploads/2025/01/Foot-Fetish-AI-Logo-150x150.jpg, Best AI Foot Fetish Chat And Image Generation Tool! ,https://www.ainsfwtools.com/tag/free-trial/,Free Trial
 FanFiction Generator  ,https://www.ainsfwtools.com/tool/fanfiction-generator/,https://www.ainsfwtools.com/wp-content/uploads/2025/01/fanfic-generator-150x150.jpg, Best Free AI Fanfic Creator! ,https://www.ainsfwtools.com/tag/free/,Free
 NSFW Story AI  ,https://www.ainsfwtools.com/tool/nsfw-story-ai/,https://www.ainsfwtools.com/wp-content/uploads/2024/12/sexy-story-ai.png, Best Sex Story AI Generator! ,https://www.ainsfwtools.com/tag/free-trial/,Free Trial
 Free DeepNude Generator  ,https://www.ainsfwtools.com/tool/free-deepnude-generator/,https://www.ainsfwtools.com/wp-content/uploads/2024/12/Deepnude-ai-generator-150x150.jpg, Best Free DeepNude AI Generator! ,https://www.ainsfwtools.com/tag/freemium/,Freemium
 Naked Men AI  ,https://www.ainsfwtools.com/tool/naked-men-ai/,https://www.ainsfwtools.com/wp-content/uploads/2024/12/AI-Naked-Men-150x150.jpg, Create AI Naked Men In Just Few Clicks Using This Tool! ,https://www.ainsfwtools.com/tag/paid/,Paid
 AI Ahegao  ,https://www.ainsfwtools.com/tool/ai-ahegao/,https://www.ainsfwtools.com/wp-content/uploads/2024/12/ai-ahegao-150x150.jpg, Ahegao AI Chat And Generator! ,https://www.ainsfwtools.com/tag/free-trial/,Free Trial
 Big Tits AI  ,https://www.ainsfwtools.com/tool/big-tits-ai/,https://www.ainsfwtools.com/wp-content/uploads/2024/12/Huge-Tits-AI-150x150.jpg, Free Huge Tits AI Generator! ,https://www.ainsfwtools.com/tag/free/,Free
 Random Porn Generator  ,https://www.ainsfwtools.com/tool/random-porn-generator/,https://www.ainsfwtools.com/wp-content/uploads/2024/12/porn-randomizer-logo-150x150.png, Free Random Porn Video Generator Powered By AI! ,https://www.ainsfwtools.com/tag/free/,Free
 CreateAI.Top  ,https://www.ainsfwtools.com/tool/createai-top/,https://www.ainsfwtools.com/wp-content/uploads/2024/12/createai-top-logo.png, Undress Any Girls Using This AI (Free Trial Available)! ,https://www.ainsfwtools.com/tag/free-trial/,Free Trial
 DeepSwap AI  ,https://www.ainsfwtools.com/tool/deepswap-ai/,https://www.ainsfwtools.com/wp-content/uploads/2024/12/DeepSwap.AI-Logo-150x150.png, DeepSwap.AI Is Redefining The AI Face Swap Porn Industry! ,https://www.ainsfwtools.com/tag/free-trial/,Free Trial
 DRESSX.ME  ,https://www.ainsfwtools.com/tool/dressx-me/,https://www.ainsfwtools.com/wp-content/uploads/2024/12/Dressx-logo.png, Effortlessly undress and transform your photos with an AI-powered solution from DRESSX.ME! ,https://www.ainsfwtools.com/tag/free-trial/,Free Trial
 Multichat AI  ,https://www.ainsfwtools.com/tool/multichat-ai/,https://www.ainsfwtools.com/wp-content/uploads/2024/12/MultiChat-AI-Logo.png, Multi Purpose NSFW And SFW AI Platform! ,https://www.ainsfwtools.com/tag/freemium/,Freemium
 NSFW AI Story Generator  ,https://www.ainsfwtools.com/tool/nsfw-ai-story-generator/,https://www.ainsfwtools.com/wp-content/uploads/2024/12/NSFW-AI-Story-generator-logo-150x150.jpg, Free AI NSFW Story Writer With No Limits! ,https://www.ainsfwtools.com/tag/free/,Free
 Bukkake AI  ,https://www.ainsfwtools.com/tool/bukkake-ai/,https://www.ainsfwtools.com/wp-content/uploads/2024/12/Bukkake-AI-Logo-150x150.jpg, AI Bukkake Generator! ,https://www.ainsfwtools.com/tag/freemium/,Freemium
 Futanari AI Generator  ,https://www.ainsfwtools.com/tool/futanari-ai-generator/,https://www.ainsfwtools.com/wp-content/uploads/2024/12/Futanari-AI-Generator-logo-150x150.png, Free AI Futanari Generator With No Limits On Image Generation! ,https://www.ainsfwtools.com/tag/free/,Free
 Free AI Kissing Video Generator  ,https://www.ainsfwtools.com/tool/free-ai-kissing-video-generator/,https://www.ainsfwtools.com/wp-content/uploads/2024/12/Kissing-AI-Generator-150x150.jpg, Convert Photos Into Kiss Video Using This Free AI Kissing Generator! ,https://www.ainsfwtools.com/tag/freemium/,Freemium
 AI Porn Simulator  ,https://www.ainsfwtools.com/tool/ai-porn-simulator/,https://www.ainsfwtools.com/wp-content/uploads/2024/12/AI-Porn-Simulator-150x150.png, Free AI Sex Simulator With Multiple Actions And Pose! ,https://www.ainsfwtools.com/tag/free/,Free
 Pornstar Name Generator  ,https://www.ainsfwtools.com/tool/pornstar-name-generator/,https://www.ainsfwtools.com/wp-content/uploads/2024/12/PornStar-Name-Generator-Site-Logo.png, Unlimited Free And Random Porn Star Name Generator! ,https://www.ainsfwtools.com/tag/free/,Free
 AI Anal  ,https://www.ainsfwtools.com/tool/ai-anal/,https://www.ainsfwtools.com/wp-content/uploads/2024/11/ai-anal-150x150.png, AI Anal Porn Generator And Chatbots! ,https://www.ainsfwtools.com/tag/free-trial/,Free Trial
 DreamBabe AI  ,https://www.ainsfwtools.com/tool/dreambabe-ai/,https://www.ainsfwtools.com/wp-content/uploads/2024/11/dreambabe.com-logo-150x150.png, Talk And Interact With NSFW AI Girlfriends! ,https://www.ainsfwtools.com/tag/freemium/,Freemium
 Virtual GF  ,https://www.ainsfwtools.com/tool/virtual-gf/,https://www.ainsfwtools.com/wp-content/uploads/2024/08/virtualgf.com-logo-150x150.png, Create And Interact With Uncensored AI GF! ,https://www.ainsfwtools.com/tag/free-trial/,Free Trial
 HoneyChat.AI  ,https://www.ainsfwtools.com/tool/honeychat-ai/,https://www.ainsfwtools.com/wp-content/uploads/2024/11/Honeychat-ai-150x150.jpg, Create And Talk With NSFW AI Chat Bots! ,https://www.ainsfwtools.com/tag/freemium/,Freemium
 MyDreams.Studio  ,https://www.ainsfwtools.com/tool/mydreams-studio/,https://www.ainsfwtools.com/wp-content/uploads/2024/11/mydreams.studio-logo-150x150.png, Free AI SFW And NSFW Generator With Celebrity Pics Allowed! ,https://www.ainsfwtools.com/tag/freemium/,Freemium
 ChatUp AI  ,https://www.ainsfwtools.com/tool/chatup-ai/,https://www.ainsfwtools.com/wp-content/uploads/2024/10/ChatUpAI-150x150.png," Free Uncensored Chatbots, NSFW Image Generation, FaceSwap, And 200+ Other AI Tools! ",https://www.ainsfwtools.com/tag/freemium/,Freemium
 Undress CC  ,https://www.ainsfwtools.com/tool/undress-cc/,https://www.ainsfwtools.com/wp-content/uploads/2024/10/undress-cc-150x150.jpeg, No Sign Up Undress Pro AI Tool With Free Credits! ,https://www.ainsfwtools.com/tag/free-trial/,Free Trial
 Dream Companion  ,https://www.ainsfwtools.com/tool/dream-companion/,https://www.ainsfwtools.com/wp-content/uploads/2024/10/mydreamcompanion-logo-150x150.png, Unfiltered NSFW AI Chat With Your Partner! ,https://www.ainsfwtools.com/tag/freemium/,Freemium
 AI Girlfriend Expert  ,https://www.ainsfwtools.com/tool/ai-girlfriend-expert/,https://www.ainsfwtools.com/wp-content/uploads/2024/10/aigirlfriend-expert-150x150.jpg, Find The Best AI Girlfriend Platform By Exploring The Experts Reviews! ,https://www.ainsfwtools.com/tag/free/,Free
 DatingTools AI  ,https://www.ainsfwtools.com/tool/datingtools-ai/,https://www.ainsfwtools.com/wp-content/uploads/2024/10/dating-tools-ai-150x150.png," Explore AI Dating Tools, NSFW Chatbots, AI Porn Apps, Etc, For Free! ",https://www.ainsfwtools.com/tag/free/,Free
 XNudes AI  ,https://www.ainsfwtools.com/tool/xnudes-ai/,https://www.ainsfwtools.com/wp-content/uploads/2024/10/xnudes.ai-logo-150x150.png, AI Picture Undresser! ,https://www.ainsfwtools.com/tag/free-trial/,Free Trial
 MyLoves.AI  ,https://www.ainsfwtools.com/tool/myloves-ai/,https://www.ainsfwtools.com/wp-content/uploads/2024/10/myloves.ai-logo.png, Create And Interact With Free AI NSFW Bots! ,https://www.ainsfwtools.com/tag/freemium/,Freemium
 Muke AI  ,https://www.ainsfwtools.com/tool/muke-ai/,https://www.ainsfwtools.com/wp-content/uploads/2024/10/muke-ai-logo-150x150.jpg," 5 In 1: Free AI Undressing, NSFW Girlfriends, AI Boobs Enlarger, Sexy Potrait Generator, And Faceswap! ",https://www.ainsfwtools.com/tag/free/,Free
 Talkie-AI  ,https://www.ainsfwtools.com/tool/talkie-ai/,https://www.ainsfwtools.com/wp-content/uploads/2024/10/talkie-ai.com-logo-150x150.jpg, Censored NSFW Chat AI! ,https://www.ainsfwtools.com/tag/free/,Free
 Cuckold AI  ,https://www.ainsfwtools.com/tool/cuckold-ai/,https://www.ainsfwtools.com/wp-content/uploads/2024/10/AI-cuckold-150x150.jpg, Create And Interact AI Generated Cuckold Porn! ,https://www.ainsfwtools.com/tag/free-trial/,Free Trial
 Nubee AI  ,https://www.ainsfwtools.com/tool/nubee-ai/,https://www.ainsfwtools.com/wp-content/uploads/2024/10/nubee.ai-logo-150x150.jpg, AI Clothes Remover Nude Tool! ,https://www.ainsfwtools.com/tag/free-trial/,Free Trial
 Linke AI  ,https://www.ainsfwtools.com/tool/linke-ai/,https://www.ainsfwtools.com/wp-content/uploads/2024/10/linke.ai-logo-150x150.jpg, Best Free AI Anime NSFW Chatbots! ,https://www.ainsfwtools.com/tag/free/,Free
 Catfishes AI  ,https://www.ainsfwtools.com/tool/catfishes-ai/,https://www.ainsfwtools.com/wp-content/uploads/2024/09/catfishes-ai-logo.png," Create Hot AI Girls And Earn Upto $10,000/Month! ",https://www.ainsfwtools.com/tag/paid/,Paid
 AIGirl.One  ,https://www.ainsfwtools.com/tool/aigirl-one/,https://www.ainsfwtools.com/wp-content/uploads/2024/09/AIgirl.one-logo.png, Play With Realistic And Anime AI NSFW Characters! ,https://www.ainsfwtools.com/tag/free-trial/,Free Trial
 MyWaifus AI  ,https://www.ainsfwtools.com/tool/mywaifus-ai/,https://www.ainsfwtools.com/wp-content/uploads/2024/09/MyWaifus.AI-Logo-150x150.png, NSFW AI Waifu Generator! ,https://www.ainsfwtools.com/tag/freemium/,Freemium
 Kink AI  ,https://www.ainsfwtools.com/tool/kink-ai/,https://www.ainsfwtools.com/wp-content/uploads/2024/09/Kink.AI-logo-150x150.png, Kinky AI Chat And Image Generator! ,https://www.ainsfwtools.com/tag/freemium/,Freemium
 Altcat AI  ,https://www.ainsfwtools.com/tool/altcat-ai/,https://www.ainsfwtools.com/wp-content/uploads/2024/09/altcat.ai-logo-150x150.png, AI NSFW Social Media! ,https://www.ainsfwtools.com/tag/freemium/,Freemium
 Girlfriendly AI  ,https://www.ainsfwtools.com/tool/girlfriendly-ai/,https://www.ainsfwtools.com/wp-content/uploads/2024/09/girlfriendly.ai-logo-150x150.jpg, No Filter NSFW Character AI Chat! ,https://www.ainsfwtools.com/tag/free-trial/,Free Trial
 PPNude AI  ,https://www.ainsfwtools.com/tool/ppnude-ai/,https://www.ainsfwtools.com/wp-content/uploads/2024/09/ppnude-logo-150x150.jpg, Free Online Deepnude And Deepface! ,https://www.ainsfwtools.com/tag/freemium/,Freemium
 FunTalk AI  ,https://www.ainsfwtools.com/tool/funtalk-ai/,https://www.ainsfwtools.com/wp-content/uploads/2024/09/funtalk.ai-logo-150x150.png, AI Girlfriend And Boyfriend Simulator! ,https://www.ainsfwtools.com/tag/freemium/,Freemium
 AI Undress Tool  ,https://www.ainsfwtools.com/tool/ai-undress-tool/,https://www.ainsfwtools.com/wp-content/uploads/2024/09/Undress-AI-Tool-150x150.png, DeepNude AI Tool! ,https://www.ainsfwtools.com/tag/paid/,Paid
 Remaker AI  ,https://www.ainsfwtools.com/tool/remaker-ai/,https://www.ainsfwtools.com/wp-content/uploads/2024/09/Remaker-AI-150x150.png, AI NSFW Face Swapping Tool! ,https://www.ainsfwtools.com/tag/free-trial/,Free Trial
 RushChat AI  ,https://www.ainsfwtools.com/tool/rushchat-ai/,https://www.ainsfwtools.com/wp-content/uploads/2024/09/rushchat-ai-logo-150x150.png, NSFW Character AI Chat Without Filter! ,https://www.ainsfwtools.com/tag/free-trial/,Free Trial
 JuicyChat AI  ,https://www.ainsfwtools.com/tool/juicychat-ai/,https://www.ainsfwtools.com/wp-content/uploads/2024/09/juicychat.ai-logo-150x150.png, Free NSFW Character AI Chat Platform! ,https://www.ainsfwtools.com/tag/freemium/,Freemium
 HotForBot  ,https://www.ainsfwtools.com/tool/hotforbot/,https://www.ainsfwtools.com/wp-content/uploads/2024/09/hotforbot-logo.jpg, Premium And Free AI Adult Chatbots! ,https://www.ainsfwtools.com/tag/free-trial/,Free Trial
 CreateGirls.AI  ,https://www.ainsfwtools.com/tool/creategirls-ai/,https://www.ainsfwtools.com/wp-content/uploads/2024/09/creategirls-ai-150x150.jpg, AI Nude Women Generator! ,https://www.ainsfwtools.com/tag/free-trial/,Free Trial
 BetterWaifu  ,https://www.ainsfwtools.com/tool/betterwaifu/,https://www.ainsfwtools.com/wp-content/uploads/2024/09/AI-Nude-Waifu-Generator-150x150.jpg, AI Nude Waifu Generator! ,https://www.ainsfwtools.com/tag/free-trial/,Free Trial
 Porn.AI  ,https://www.ainsfwtools.com/tool/porn-ai/,https://www.ainsfwtools.com/wp-content/uploads/2024/06/AI-Porn-Social-Media.png, AI Porn Social Media! ,https://www.ainsfwtools.com/tag/freemium/,Freemium
 Dreamle AI  ,https://www.ainsfwtools.com/tool/dreamle-ai/,https://www.ainsfwtools.com/wp-content/uploads/2024/09/dreamle.ai-logo-150x150.jpg, NSFW Character AI Chatbot For Engaging AI Sexting! ,https://www.ainsfwtools.com/tag/free-trial/,Free Trial
 Hush Hush AI  ,https://www.ainsfwtools.com/tool/hush-hush-ai/,https://www.ainsfwtools.com/wp-content/uploads/2024/09/hush-hush-ai-150x135.png, Real NSFW And Porn AI Chatbot! ,https://www.ainsfwtools.com/tag/paid/,Paid
 Papacito AI  ,https://www.ainsfwtools.com/tool/papacito-ai/,https://www.ainsfwtools.com/wp-content/uploads/2024/09/papacito-ai-logo-150x150.jpg, Create And Interact With Gay AI Chatbots! ,https://www.ainsfwtools.com/tag/free-trial/,Free Trial
 Undress Girl AI  ,https://www.ainsfwtools.com/tool/undress-girl-ai/,https://www.ainsfwtools.com/wp-content/uploads/2024/09/undress-girl-ai-150x150.jpg, AI Undress Women With Free Trial! ,https://www.ainsfwtools.com/tag/free-trial/,Free Trial
 NSFW.xxx  ,https://www.ainsfwtools.com/tool/nsfw-xxx/,https://www.ainsfwtools.com/wp-content/uploads/2024/08/nsfw.xxx-logo-150x150.jpg, NSFW AI Generator! ,https://www.ainsfwtools.com/tag/free-trial/,Free Trial
 Undress Zone  ,https://www.ainsfwtools.com/tool/undress-zone/,https://www.ainsfwtools.com/wp-content/uploads/2024/08/undress.zone-logo.png, Free Nudes Generator! ,https://www.ainsfwtools.com/tag/free/,Free
 Fapy AI  ,https://www.ainsfwtools.com/tool/fapy-ai/,https://www.ainsfwtools.com/wp-content/uploads/2024/08/fapy.ai-logo.png, AI NSFW Character Marketplace! ,https://www.ainsfwtools.com/tag/free-trial/,Free Trial
 OnlyChar AI  ,https://www.ainsfwtools.com/tool/onlychar-ai/,https://www.ainsfwtools.com/wp-content/uploads/2024/08/onlychar.ai-logo-150x150.jpg," Chat With 40,000+ AI NSFW Characters! ",https://www.ainsfwtools.com/tag/free-trial/,Free Trial
 AI Futa Generator  ,https://www.ainsfwtools.com/tool/ai-futa-generator/,https://www.ainsfwtools.com/wp-content/uploads/2024/08/ai-futa-generator-150x150.png, Free Futa AI Generator With Social Media Theme! ,,
 ForYouChat AI  ,https://www.ainsfwtools.com/tool/foryouchat-ai/,https://www.ainsfwtools.com/wp-content/uploads/2024/08/foryouchat.com-logo.png," Create, Talk, And Share NSFW GIF, Images, Voice, etc, With Your GF! ",https://www.ainsfwtools.com/tag/free-trial/,Free Trial
 Undressing AI  ,https://www.ainsfwtools.com/tool/undressing-ai/,https://www.ainsfwtools.com/wp-content/uploads/2024/08/undressing.ai-logo-150x150.png, Free AI Undressing Tool! ,https://www.ainsfwtools.com/tag/free-trial/,Free Trial
 YouTwo.AI  ,https://www.ainsfwtools.com/tool/youtwo-ai/,https://www.ainsfwtools.com/wp-content/uploads/2024/08/youtwo.ai-logo-150x150.png, NSFW AI Chat And Image Sharing With Your Favorite Models! ,https://www.ainsfwtools.com/tag/free-trial/,Free Trial
 Facy AI  ,https://www.ainsfwtools.com/tool/facy-ai/,https://www.ainsfwtools.com/wp-content/uploads/2024/08/facy.ai_-150x150.jpg, Free Porn AI Face Swap Tool! ,https://www.ainsfwtools.com/tag/freemium/,Freemium
 DreamSwipe AI  ,https://www.ainsfwtools.com/tool/dreamswipe-ai/,https://www.ainsfwtools.com/wp-content/uploads/2024/08/dreamswipe.ai-logo-150x150.jpg, AI Porn Chat and Nude Generator! ,https://www.ainsfwtools.com/tag/free-trial/,Free Trial
 GetNude AI  ,https://www.ainsfwtools.com/tool/getnude-ai/,https://www.ainsfwtools.com/wp-content/uploads/2024/08/getnude-app-logo-150x150.png, AI Nudify App! ,https://www.ainsfwtools.com/tag/free-trial/,Free Trial
 AIlure  ,https://www.ainsfwtools.com/tool/ailure/,https://www.ainsfwtools.com/wp-content/uploads/2024/08/ailure.ai-logo-150x150.jpeg, AI Porn Chat Website! ,https://www.ainsfwtools.com/tag/free-trial/,Free Trial
 Nude Fusion  ,https://www.ainsfwtools.com/tool/nude-fusion/,https://www.ainsfwtools.com/wp-content/uploads/2024/08/nudefashion.png, Free AI Porn Face Swap And Nudify Tool! ,https://www.ainsfwtools.com/tag/freemium/,Freemium
 Sex Position Generator  ,https://www.ainsfwtools.com/tool/sex-position-generator/,https://www.ainsfwtools.com/wp-content/uploads/2024/08/sexualposition-generator-150x150.png, Free AI Sexual Position Generator And Randomizer! ,https://www.ainsfwtools.com/tag/free/,Free
 AI Cum Generator  ,https://www.ainsfwtools.com/tool/ai-cum-generator/,https://www.ainsfwtools.com/wp-content/uploads/2024/08/Cum-Face-Generator.png, Cum On Face AI Generator! ,https://www.ainsfwtools.com/tag/free/,Free
 Mamacita AI  ,https://www.ainsfwtools.com/tool/mamacita-ai/,https://www.ainsfwtools.com/wp-content/uploads/2024/08/Mamacita.ai-logo-150x150.jpg," AI Girlfriend, Boyfriend, And Waifu Generator! ",https://www.ainsfwtools.com/tag/freemium/,Freemium
 Undress.XXX  ,https://www.ainsfwtools.com/tool/undress-xxx/,https://www.ainsfwtools.com/wp-content/uploads/2024/08/undress-xxx-logo-150x150.png, AI Undress Generator! ,https://www.ainsfwtools.com/tag/free-trial/,Free Trial
 Deloris-AI  ,https://www.ainsfwtools.com/tool/deloris-ai/,https://www.ainsfwtools.com/wp-content/uploads/2024/08/Deloris-AI.com-Logo-150x150.png, AI Face Swap And NSFW Generator! ,https://www.ainsfwtools.com/tag/free-trial/,Free Trial
 Undress Clothes AI  ,https://www.ainsfwtools.com/tool/undress-clothes-ai/,https://www.ainsfwtools.com/wp-content/uploads/2024/08/undressclothes.ai-logo-150x150.png, Free Undress AI! ,https://www.ainsfwtools.com/tag/freemium/,Freemium
 TextHub.Me  ,https://www.ainsfwtools.com/tool/texthub-me/,https://www.ainsfwtools.com/wp-content/uploads/2024/08/texthub.me-logo-150x150.jpg, Ultimate NSFW AI Chat And AI Girlfriend! ,https://www.ainsfwtools.com/tag/free-trial/,Free Trial
 Hentai Kitchen  ,https://www.ainsfwtools.com/tool/hentai-kitchen/,https://www.ainsfwtools.com/wp-content/uploads/2024/08/Hentai-Kitchen-150x150.jpg, Freemium AI Hentai Image Generator! ,https://www.ainsfwtools.com/tag/free-trial/,Free Trial
 Horny AI  ,https://www.ainsfwtools.com/tool/horny-ai/,https://www.ainsfwtools.com/wp-content/uploads/2024/08/curshchat.app-logo-150x150.jpg, Best And Free AI Horny Chatbots! ,https://www.ainsfwtools.com/tag/free-trial/,Free Trial
 Erogen AI  ,https://www.ainsfwtools.com/tool/erogen-ai/,https://www.ainsfwtools.com/wp-content/uploads/2024/08/erogen.ai_-150x150.jpg, Free AI Sexchat Tool! ,https://www.ainsfwtools.com/tag/freemium/,Freemium
 WhatIfApp AI  ,https://www.ainsfwtools.com/tool/whatifapp-ai/,https://www.ainsfwtools.com/wp-content/uploads/2024/08/whatifapp-150x150.jpg," Free NSFW AI Faceswap Tool For GIF, Videos, And Images! ",https://www.ainsfwtools.com/tag/free-trial/,Free Trial
 Juicy AI  ,https://www.ainsfwtools.com/tool/juicy-ai/,https://www.ainsfwtools.com/wp-content/uploads/2024/08/juicy-ai-150x150.jpg, Create And Interact With Anime AI Girlfriend And Boyfriend! ,https://www.ainsfwtools.com/tag/freemium/,Freemium
 Luvr AI  ,https://www.ainsfwtools.com/tool/luvr-ai/,https://www.ainsfwtools.com/wp-content/uploads/2024/08/luvr.ai_-150x150.jpg," Uncensored AI Chat Bots With Image, Text, And Voice Capabilities! ",https://www.ainsfwtools.com/tag/free-trial/,Free Trial
 Bare Club AI  ,https://www.ainsfwtools.com/tool/bare-club-ai/,https://www.ainsfwtools.com/wp-content/uploads/2024/07/bare.club_-150x150.png, AI Nudifier With Free Trial! ,https://www.ainsfwtools.com/tag/free-trial/,Free Trial
 CamSoda AI  ,https://www.ainsfwtools.com/tool/camsoda-ai/,https://www.ainsfwtools.com/wp-content/uploads/2024/07/CamSoda-AI-Logo-150x150.png, Free AI Cam Chat Site! ,https://www.ainsfwtools.com/tag/freemium/,Freemium
 Elyza App  ,https://www.ainsfwtools.com/tool/elyza-app/,https://www.ainsfwtools.com/wp-content/uploads/2024/07/elyza.app-logo-150x150.webp, Free Sext AI Platform! ,https://www.ainsfwtools.com/tag/free/,Free
 LoveCore AI  ,https://www.ainsfwtools.com/tool/lovecore-ai/,https://www.ainsfwtools.com/wp-content/uploads/2024/07/LoveCoreAI-logo-150x150.png, Discover Your Perfect SFW And NSFW Match! ,https://www.ainsfwtools.com/tag/freemium/,Freemium
 Faceswapper.AI  ,https://www.ainsfwtools.com/tool/faceswapper-ai/,https://www.ainsfwtools.com/wp-content/uploads/2024/07/FaceSwapper.AI_-150x150.png, Free AI Nude Face Swapper! ,https://www.ainsfwtools.com/tag/freemium/,Freemium
 Pirr.me  ,https://www.ainsfwtools.com/tool/pirr-me/,https://www.ainsfwtools.com/wp-content/uploads/2024/07/pirr.me_-150x150.png, Free Erotic Story Generator! ,https://www.ainsfwtools.com/tag/free/,Free
 Breast Expansion AI  ,https://www.ainsfwtools.com/tool/breast-expansion-ai/,https://www.ainsfwtools.com/wp-content/uploads/2024/07/AI-Breast-Expansion-Tool-150x150.jpg, Turn Small To Big Boobs And Vice Versa Using This AI Breast Expansion Tool! ,https://www.ainsfwtools.com/tag/free-trial/,Free Trial
 GPTGirlfriend  ,https://www.ainsfwtools.com/tool/gptgirlfriend/,https://www.ainsfwtools.com/wp-content/uploads/2024/02/gptgirlfriend.png," GirlfriendGPT Offers 1000+ SFW & NSFW Bots, In Chat Images, Voice Messages, And More! ",https://www.ainsfwtools.com/tag/free-trial/,Free Trial
 HeraHaven AI  ,https://www.ainsfwtools.com/tool/herahaven-ai/,https://www.ainsfwtools.com/wp-content/uploads/2024/07/herahaven.ai-logo-150x150.png, Satisfy Your Darkest Fantasies (The Ones You Can’t Share With Anyone)! ,https://www.ainsfwtools.com/tag/free-trial/,Free Trial
 HeyReal AI  ,https://www.ainsfwtools.com/tool/heyreal-ai/,https://www.ainsfwtools.com/wp-content/uploads/2024/07/heyreal.ai_-150x150.jpg, Best NSFW AI Chat Bot ,https://www.ainsfwtools.com/tag/freemium/,Freemium
 DeepNude Apk  ,https://www.ainsfwtools.com/tool/deepnude-apk/,https://www.ainsfwtools.com/wp-content/uploads/2024/07/deepnude-app-150x150.jpg, Free DeepNude App - Your X-ray Vision AI! ,https://www.ainsfwtools.com/tag/free/,Free
 DeepNude Org  ,https://www.ainsfwtools.com/tool/deepnude-org/,https://www.ainsfwtools.com/wp-content/uploads/2024/07/Free-Deepnude-X-Ray-Tool.png, Free Deepnude X Ray Tool! ,https://www.ainsfwtools.com/tag/free/,Free
 Venus AI  ,https://www.ainsfwtools.com/tool/venus-ai/,https://www.ainsfwtools.com/wp-content/uploads/2024/07/chub-ai-150x150.png, NSFW Alternative Of ChatGPT! ,https://www.ainsfwtools.com/tag/free-trial/,Free Trial
 RedQuill  ,https://www.ainsfwtools.com/tool/redquill/,https://www.ainsfwtools.com/wp-content/uploads/2024/07/redquill-logo.png, Create Stories Using This NSFW AI Story Generator And Explore List Of AI Generated Erotica! ,https://www.ainsfwtools.com/tag/freemium/,Freemium
 DeepNude.to  ,https://www.ainsfwtools.com/tool/deepnude-to/,https://www.ainsfwtools.com/wp-content/uploads/2024/07/deepnude.to-logo-150x150.jpg, DeepNude Free AI! ,https://www.ainsfwtools.com/tag/freemium/,Freemium
 Unhinged AI  ,https://www.ainsfwtools.com/tool/unhinged-ai/,https://www.ainsfwtools.com/wp-content/uploads/2024/07/unhinged-ai-logo-150x150.png, Free NSFW AI Chatbots! ,https://www.ainsfwtools.com/tag/freemium/,Freemium
 Undresser AI  ,https://www.ainsfwtools.com/tool/undresser-ai/,https://www.ainsfwtools.com/wp-content/uploads/2024/07/undresser.ai_-150x150.jpg," Undress, Face Swap, And Anime Generator In One Platform! ",https://www.ainsfwtools.com/tag/free-trial/,Free Trial
 PornGen AI  ,https://www.ainsfwtools.com/tool/porngen-ai/,https://www.ainsfwtools.com/wp-content/uploads/2024/03/porngen-ai-150x150.webp, Create Unlimited Dress Undress Pics Using This AI Porn Clothes Remover! ,https://www.ainsfwtools.com/tag/freemium/,Freemium
 Botify AI  ,https://www.ainsfwtools.com/tool/botify-ai/,https://www.ainsfwtools.com/wp-content/uploads/2024/07/botify.ai-logo-150x150.jpg, Freemium NSFW Chat Platform! ,https://www.ainsfwtools.com/tag/freemium/,Freemium
 Undress Bikini  ,https://www.ainsfwtools.com/tool/undress-bikini/,https://www.ainsfwtools.com/wp-content/uploads/2024/07/free-undress-ai-app.jpg, Free Undress AI App! ,https://www.ainsfwtools.com/tag/freemium/,Freemium
 Vamps AI  ,https://www.ainsfwtools.com/tool/vamps-ai/,https://www.ainsfwtools.com/wp-content/uploads/2024/07/vamps-nsfw-chat-150x150.jpeg, NSFW AI Girlfriend App! ,https://www.ainsfwtools.com/tag/free/,Free
 AI Porn Hub Converter  ,https://www.ainsfwtools.com/tool/ai-porn-hub-converter/,https://www.ainsfwtools.com/wp-content/uploads/2024/09/AI-porn-hub-video-converter.png, AI Porn Hub Video Downloader And Converter! ,https://www.ainsfwtools.com/tag/free/,Free
 Joi AI Chatbot  ,https://www.ainsfwtools.com/tool/joi-ai-chatbot/,https://www.ainsfwtools.com/wp-content/uploads/2024/06/AI-Joi-Generator-150x150.jpg," AI Joi Generator Lets You Talk, Generate Pics, And Voice Message To AI Sexy Male And Female! ",https://www.ainsfwtools.com/tag/free-trial/,Free Trial
 Pleasure AI  ,https://www.ainsfwtools.com/tool/pleasure-ai/,https://www.ainsfwtools.com/wp-content/uploads/2024/06/Pleasure-AI-Logo-150x150.jpg, Uncensored AI NSFW Image Generator! ,https://www.ainsfwtools.com/tag/paid/,Paid
 Free Undress AI  ,https://www.ainsfwtools.com/tool/free-undress-ai/,https://www.ainsfwtools.com/wp-content/uploads/2024/06/Free-AI-Clothes-Remover-Tool-150x150.jpg, Remove Clothes Of Any Pics With This Free Nudify AI! ,https://www.ainsfwtools.com/tag/freemium/,Freemium
 Free AI Nudifier  ,https://www.ainsfwtools.com/tool/free-ai-nudifier/,https://www.ainsfwtools.com/wp-content/uploads/2024/06/free-ai-nudifier-150x150.jpg, Create Naked Images Using This Free AI Nudify Tool! ,https://www.ainsfwtools.com/tag/freemium/,Freemium
 Eden AI  ,https://www.ainsfwtools.com/tool/eden-ai/,https://www.ainsfwtools.com/wp-content/uploads/2024/06/eden-ai-logo-150x150.jpg, AI Porn Chat Website! ,https://www.ainsfwtools.com/tag/freemium/,Freemium
 Dessi AI Generator  ,https://www.ainsfwtools.com/tool/dessi-ai-generator/,https://www.ainsfwtools.com/wp-content/uploads/2024/06/Free-Undress-AI-And-Best-Free-AI-Porn-Generator-By-Dessi-co-150x150.jpg, Best Free AI Porn Generator! ,https://www.ainsfwtools.com/tag/free/,Free
 Free AI Hentai Generator  ,https://www.ainsfwtools.com/tool/free-ai-hentai-generator/,https://www.ainsfwtools.com/wp-content/uploads/2024/06/Free-Hentai-AI-generator-150x150.jpg, Explore And Create AI Generated Hentai For Free! ,https://www.ainsfwtools.com/tag/free/,Free
 Spicy Porn AI  ,https://www.ainsfwtools.com/tool/spicy-porn-ai/,https://www.ainsfwtools.com/wp-content/uploads/2024/06/spicy.porn-logo.png, Free AI Porn Picture Generator! ,https://www.ainsfwtools.com/tag/freemium/,Freemium
 MyAnima AI  ,https://www.ainsfwtools.com/tool/myanima-ai/,https://www.ainsfwtools.com/wp-content/uploads/2024/06/MyAnima.AI-Logo-150x150.jpg, Free Realistic And Anime Porn Chat Bots! ,https://www.ainsfwtools.com/tag/freemium/,Freemium
 Pornstars AI  ,https://www.ainsfwtools.com/tool/pornstars-ai/,https://www.ainsfwtools.com/wp-content/uploads/2024/06/pornstars.ai-logo-150x150.jpg, Best Free AI Porn Generator! ,https://www.ainsfwtools.com/tag/freemium/,Freemium
 Nomi AI NSFW  ,https://www.ainsfwtools.com/tool/nomi-ai-nsfw/,https://www.ainsfwtools.com/wp-content/uploads/2024/06/nomi.ai-logo-150x150.jpg, NSFW AI Boyfriend And Girlfriend Generator! ,https://www.ainsfwtools.com/tag/freemium/,Freemium
 VMate AI  ,https://www.ainsfwtools.com/tool/vmate-ai/,https://www.ainsfwtools.com/wp-content/uploads/2024/06/vmate-ai-150x150.jpg, Free Uncensored AI Image And Chat Tool! ,https://www.ainsfwtools.com/tag/free/,Free
 Only Babes AI  ,https://www.ainsfwtools.com/tool/only-babes-ai/,https://www.ainsfwtools.com/wp-content/uploads/2024/06/onlybabes-ai-150x150.jpg, OnlyBabes AI Lets You Create AI Generated Bikini Babes! ,https://www.ainsfwtools.com/tag/paid/,Paid
 HiWaifu  ,https://www.ainsfwtools.com/tool/hiwaifu/,https://www.ainsfwtools.com/wp-content/uploads/2024/06/Waifu-Maker-150x150.jpg, Create And Engage With AI Waifus Using This Waifu Maker! ,https://www.ainsfwtools.com/tag/freemium/,Freemium
 AI-Hentai  ,https://www.ainsfwtools.com/tool/ai-hentai/,https://www.ainsfwtools.com/wp-content/uploads/2024/06/AI-Hentai-Generator-By-AI-Hentai-150x150.png, Create And Explore AI Generated Hentai Porn For Free! ,https://www.ainsfwtools.com/tag/freemium/,Freemium
 MyTales  ,https://www.ainsfwtools.com/tool/mytales/,https://www.ainsfwtools.com/wp-content/uploads/2024/06/mytales-150x150.jpg, Free NSFW AI Story Generator! ,https://www.ainsfwtools.com/tag/freemium/,Freemium
 AITubo  ,https://www.ainsfwtools.com/tool/aitubo/,https://www.ainsfwtools.com/wp-content/uploads/2024/06/AITubo-150x150.png," Free NSFW AI Art, Music, And Video Generator! ",https://www.ainsfwtools.com/tag/freemium/,Freemium
 Nudey App  ,https://www.ainsfwtools.com/tool/nudey-app/,https://www.ainsfwtools.com/wp-content/uploads/2024/06/AI-Celebrity-Nude-150x150.jpg, Free Undress AI That Lets You Create AI Celebrity Nudes! ,https://www.ainsfwtools.com/tag/free-trial/,Free Trial
 Oniichat  ,https://www.ainsfwtools.com/tool/oniichat/,https://www.ainsfwtools.com/wp-content/uploads/2024/06/Oniichat-logo-150x150.jpg, Create And Engage With NSFW AI Waifus! ,https://www.ainsfwtools.com/tag/freemium/,Freemium
 Flirtflix AI  ,https://www.ainsfwtools.com/tool/flirtflix-ai/,https://www.ainsfwtools.com/wp-content/uploads/2024/06/Flirtflix-Ai-Logo-150x150.jpg, Enjoy AI Mistress And AI Boyfriends From Your PC And Smartphone! ,https://www.ainsfwtools.com/tag/free-trial/,Free Trial
 PornMake AI  ,https://www.ainsfwtools.com/tool/pornmake-ai/,https://www.ainsfwtools.com/wp-content/uploads/2024/06/PornMake-AI-Logo-150x150.webp, Free AI Deep Fake Nude Generator! ,https://www.ainsfwtools.com/tag/freemium/,Freemium
 PornLabs AI  ,https://www.ainsfwtools.com/tool/pornlabs-ai/,https://www.ainsfwtools.com/wp-content/uploads/2024/06/PornLabs-AI-Logo-150x150.jpg, Nude Image Generator! ,https://www.ainsfwtools.com/tag/freemium/,Freemium
 LustGF  ,https://www.ainsfwtools.com/tool/lustgf/,https://www.ainsfwtools.com/wp-content/uploads/2024/06/AI-Telegram-Sexting-Bot-By-LustGF-150x150.jpg, AI Telegram Sexting Bot! ,https://www.ainsfwtools.com/tag/freemium/,Freemium
 NSFW AI RP  ,https://www.ainsfwtools.com/tool/nsfw-ai-rp/,https://www.ainsfwtools.com/wp-content/uploads/2024/06/AI-NSFW-Roleplay-150x150.webp, Best NSFW AI Roleplay Platform! ,https://www.ainsfwtools.com/tag/free-trial/,Free Trial
 EasyPorn AI  ,https://www.ainsfwtools.com/tool/easyporn-ai/,https://www.ainsfwtools.com/wp-content/uploads/2024/06/Erotic-AI-150x150.jpg," EasyPorn.AI Offers Undress AI, Erotic AI Chat, NSFW Story, And Porn GIF Generator! ",https://www.ainsfwtools.com/tag/paid/,Paid
 NudeAI  ,https://www.ainsfwtools.com/tool/nudeai/,https://www.ainsfwtools.com/wp-content/uploads/2024/06/NudeAI.com-logo-150x150.png, Nude AI Generator! ,https://www.ainsfwtools.com/tag/freemium/,Freemium
 Aroused AI  ,https://www.ainsfwtools.com/tool/aroused-ai/,https://www.ainsfwtools.com/wp-content/uploads/2024/06/Aroused.AI-Logo-150x150.png, Online Mistress And Femdom AI Chat Platform! ,https://www.ainsfwtools.com/tag/free-trial/,Free Trial
 AI Porn Video Generator  ,https://www.ainsfwtools.com/tool/ai-porn-video-generator/,https://www.ainsfwtools.com/wp-content/uploads/2024/06/noun-porn-759973_processed-150x150.png, One Of The Best AI Porn Video Maker! ,https://www.ainsfwtools.com/tag/free-trial/,Free Trial
 AI Nude Site  ,https://www.ainsfwtools.com/tool/ai-nude-site/,https://www.ainsfwtools.com/wp-content/uploads/2024/05/AI-Nude-Site-Logo-150x150.jpg, AI Nude Picture Generator! ,https://www.ainsfwtools.com/tag/free-trial/,Free Trial
 Chain Diffusion AI  ,https://www.ainsfwtools.com/tool/chain-diffusion-ai/,https://www.ainsfwtools.com/wp-content/uploads/2024/06/Porn-AI-Art-Generator-150x150.jpg, Porn AI Art Generator! ,https://www.ainsfwtools.com/tag/free-trial/,Free Trial
 Erota AI  ,https://www.ainsfwtools.com/tool/erotic-story-generator-ai/,https://www.ainsfwtools.com/wp-content/uploads/2024/06/Erotic-AI-Story-Generator-150x150.jpeg, Erotic AI Story Generator! ,https://www.ainsfwtools.com/tag/free-trial/,Free Trial
 FallFor AI  ,https://www.ainsfwtools.com/tool/fallfor-ai/,https://www.ainsfwtools.com/wp-content/uploads/2024/06/No-Filter-NSFW-Character-AI-Chat-150x150.jpg, No Filter NSFW Character AI Chat! ,https://www.ainsfwtools.com/tag/free-trial/,Free Trial
 Candy AI  ,https://www.ainsfwtools.com/tool/candy-ai/,https://www.ainsfwtools.com/wp-content/uploads/2024/06/candy-ai-150x150.jpg," Create, Chat, Generate Images, And Send Voice Messages To Your Custom NSFW AI Companion! ",https://www.ainsfwtools.com/tag/free-trial/,Free Trial
 PornWorks AI  ,https://www.ainsfwtools.com/tool/pornworks-ai/,https://www.ainsfwtools.com/wp-content/uploads/2024/06/pornworks-ai-logo-150x150.png," Try Porn AI Creator, Undress Me AI, Deepfake AI Nude Tool For Free! ",https://www.ainsfwtools.com/tag/free-trial/,Free Trial
 HotImage AI  ,https://www.ainsfwtools.com/tool/hotimage-ai/,https://www.ainsfwtools.com/wp-content/uploads/2024/06/Sexual-AI-Image-Generator-150x150.png, Sexual AI Image Generator! ,https://www.ainsfwtools.com/tag/freemium/,Freemium
 Cumshotbox  ,https://www.ainsfwtools.com/tool/cumshotbox/,https://www.ainsfwtools.com/wp-content/uploads/2025/02/cumshot-box-150x150.jpg, Cumshot Maker Tool With Good Customization Options! ,https://www.ainsfwtools.com/tag/paid/,Paid
 FancyMe AI  ,https://www.ainsfwtools.com/tool/fancyme-ai/,https://www.ainsfwtools.com/wp-content/uploads/2024/06/FancyMe-AI-logo-150x150.jpg, NSFW AI GF For All! ,https://www.ainsfwtools.com/tag/paid/,Paid
 Porn AI Biz  ,https://www.ainsfwtools.com/tool/porn-ai-biz/,https://www.ainsfwtools.com/wp-content/uploads/2024/06/PornAI.Biz_-150x150.jpg, PornAI.Biz Offers An AI Porn Image And Video Maker! ,https://www.ainsfwtools.com/tag/paid/,Paid
 TheDream.AI  ,https://www.ainsfwtools.com/tool/thedream-ai/,https://www.ainsfwtools.com/wp-content/uploads/2024/06/TheDream.AI_-150x150.png," NSFW AI Generator For OnlyFans, Tinder, Insta, X, And Tumblr! ",https://www.ainsfwtools.com/tag/paid/,Paid
 Angel AI  ,https://www.ainsfwtools.com/tool/angel-ai/,https://www.ainsfwtools.com/wp-content/uploads/2024/07/angel-ai-logo-150x150.png, NSFW AI Companions For All! ,https://www.ainsfwtools.com/tag/free-trial/,Free Trial
 MGAI  ,https://www.ainsfwtools.com/tool/mgai/,https://www.ainsfwtools.com/wp-content/uploads/2024/06/MGAI-150x150.jpg, AI Wingman For Online Dating! ,https://www.ainsfwtools.com/tag/free-trial/,Free Trial
 Kazava AI  ,https://www.ainsfwtools.com/tool/kazava-ai/,https://www.ainsfwtools.com/wp-content/uploads/2024/06/kazava-ai-logo-150x150.jpg, NSFW Anime AI Generator! ,https://www.ainsfwtools.com/tag/freemium/,Freemium
 DeepFakePorn Maker  ,https://www.ainsfwtools.com/tool/deepfakeporn-maker/,https://www.ainsfwtools.com/wp-content/uploads/2024/06/AI-Deepfake-Porn-Creator-150x150.jpg, AI Deepfake Porn Creator! ,https://www.ainsfwtools.com/tag/paid/,Paid
 LunaLust AI  ,https://www.ainsfwtools.com/tool/lunalust-ai/,https://www.ainsfwtools.com/wp-content/uploads/2024/06/LunaLust-150x150.jpg, AI NSFW Boyfriends And Girlfriends! ,https://www.ainsfwtools.com/tag/free-trial/,Free Trial
 AI NSFW Girlfriend  ,https://www.ainsfwtools.com/tool/ai-nsfw-girlfriend/,https://www.ainsfwtools.com/wp-content/uploads/2024/05/nsfw-ai-girlfriend-150x150.jpg," NSFW AI Girlfriend With Image, Chat, Voice, And Video Generation Support! ",https://www.ainsfwtools.com/tag/freemium/,Freemium
 NSFW Chat GPT  ,https://www.ainsfwtools.com/tool/nsfw-chat-gpt/,https://www.ainsfwtools.com/wp-content/uploads/2024/05/Chat-GPT-NSFW-150x150.jpg, Chat GPT NSFW Tool! ,https://www.ainsfwtools.com/tag/freemium/,Freemium
 DeepNude.Online  ,https://www.ainsfwtools.com/tool/deepnude-online/,https://www.ainsfwtools.com/wp-content/uploads/2024/05/AI-No-Clothes-Tool-150x150.webp, AI No Clothes Tool! ,https://www.ainsfwtools.com/tag/free-trial/,Free Trial
 AI Erotica Generator  ,https://www.ainsfwtools.com/tool/ai-erotica-generator/,https://www.ainsfwtools.com/wp-content/uploads/2024/05/Erotica-AI-Generator-150x150.webp, Erotica AI Generator! ,https://www.ainsfwtools.com/tag/free-trial/,Free Trial
 Nudify Plus  ,https://www.ainsfwtools.com/tool/nudify-biz/,https://www.ainsfwtools.com/wp-content/uploads/2024/05/Nudify-AI-150x150.jpg, Nudify AI App! ,https://www.ainsfwtools.com/tag/free-trial/,Free Trial
 AINudes  ,https://www.ainsfwtools.com/tool/ainudes/,https://www.ainsfwtools.com/wp-content/uploads/2024/08/AI-Nudes.ai-logo.webp, 2 In 1 AI Undresser And Deepfake Nudes Generator! ,https://www.ainsfwtools.com/tag/free-trial/,Free Trial
 DeepNudes.co  ,https://www.ainsfwtools.com/tool/deepnudes-co/,https://www.ainsfwtools.com/wp-content/uploads/2024/05/DeepNudes-AI-150x150.webp, Promising Deep Nudes AI Tool! ,https://www.ainsfwtools.com/tag/paid/,Paid
 Lollipop AI  ,https://www.ainsfwtools.com/tool/lollipop-ai/,https://www.ainsfwtools.com/wp-content/uploads/2024/05/lollipop-ai-logo-150x150.webp, Unfiltered AI Chat And Naked Image Generator! ,https://www.ainsfwtools.com/tag/free-trial/,Free Trial
 Undress App  ,https://www.ainsfwtools.com/tool/undress-app/,https://www.ainsfwtools.com/wp-content/uploads/2024/05/Undress-AI-Bot-150x150.jpg, Undress AI Bot! ,https://www.ainsfwtools.com/tag/free-trial/,Free Trial
 Rolemantic - NSFW AI Chat  ,https://www.ainsfwtools.com/tool/rolemantic-nsfw-ai-roleplay/,https://www.ainsfwtools.com/wp-content/uploads/2024/05/rolemantic.ai-logo-150x150.png," AI NSFW Roleplay Platform With Chat, Image And Voice Support! ",https://www.ainsfwtools.com/tag/free-trial/,Free Trial
 Gay AI Chatbot  ,https://www.ainsfwtools.com/tool/gay-ai-chatbot/,https://www.ainsfwtools.com/wp-content/uploads/2024/05/AI-Gay-Chatbot-By-DreamBF-AI-150x150.webp," AI Gay Chatbots With Chat, Image, And Voice Message Support! ",https://www.ainsfwtools.com/tag/free-trial/,Free Trial
 Temptations AI  ,https://www.ainsfwtools.com/tool/temptations-ai/,https://www.ainsfwtools.com/wp-content/uploads/2024/05/temptations-ai-logo-150x150.webp," NSFW AI Girlfriends With Chat, Image, Audio, And Video Generation Options! ",https://www.ainsfwtools.com/tag/free-trial/,Free Trial
 Clothes Remover AI Porn  ,https://www.ainsfwtools.com/tool/clothes-remover-ai-porn/,https://www.ainsfwtools.com/wp-content/uploads/2024/05/Free-AI-Nude-Generator-150x150.webp, Free AI Nude Generator! ,https://www.ainsfwtools.com/tag/free-trial/,Free Trial
 HotTalks AI  ,https://www.ainsfwtools.com/tool/hottalks-ai/,https://www.ainsfwtools.com/wp-content/uploads/2024/09/hottalks.ai-logo-150x150.png," Create And Interact With NSFW AI Boyfriend, Girlfriend, And Transfriend! ",https://www.ainsfwtools.com/tag/free-trial/,Free Trial
 AI Porn Generator From Text  ,https://www.ainsfwtools.com/tool/ai-porn-generator-from-text/,https://www.ainsfwtools.com/wp-content/uploads/2024/05/AI-Porn-Image-Editor-150x150.jpg, AI Porn Image Editor! ,https://www.ainsfwtools.com/tag/free-trial/,Free Trial
 Wank Pal  ,https://www.ainsfwtools.com/tool/wank-pal/,https://www.ainsfwtools.com/wp-content/uploads/2024/05/Free-AI-Porn-Image-Generator-150x150.jpg, Free AI Porn Generator! ,https://www.ainsfwtools.com/tag/free-trial/,Free Trial
 AI Shemale Generator  ,https://www.ainsfwtools.com/tool/ai-shemale-generator/,https://www.ainsfwtools.com/wp-content/uploads/2024/05/Shemale-AI-Generator-150x150.jpg, Enjoy AI Generated Shemales And Shemale AI Generator! ,https://www.ainsfwtools.com/tag/free-trial/,Free Trial
 Furry Porn AI Generator  ,https://www.ainsfwtools.com/tool/furry-porn-ai-generator/,https://www.ainsfwtools.com/wp-content/uploads/2024/05/Create-AI-Furry-150x150.png, One Of The Best Furry Porn AI Generator! ,https://www.ainsfwtools.com/tag/free-trial/,Free Trial
 New Face Porn AI  ,https://www.ainsfwtools.com/tool/new-face-porn-ai/,https://www.ainsfwtools.com/wp-content/uploads/2024/05/NewFacePorn-Logo-150x150.webp, Porn AI Video Face Swapper! ,https://www.ainsfwtools.com/tag/paid/,Paid
 DeepStrip AI  ,https://www.ainsfwtools.com/tool/nodress-ai/,https://www.ainsfwtools.com/wp-content/uploads/2024/05/deepstrip.com_-150x150.jpg, Undress AI Tool With Free Regeneration! ,https://www.ainsfwtools.com/tag/free-trial/,Free Trial
 Soulgen AI  ,https://www.ainsfwtools.com/tool/soulgen-ai-nsfw/,https://www.ainsfwtools.com/wp-content/uploads/2024/04/soulgen-ai-nsfw-150x150.png, Best All-in-One AI Generator ,https://www.ainsfwtools.com/tag/free-trial/,Free Trial
 Reface Porn  ,https://www.ainsfwtools.com/tool/reface-porn/,https://www.ainsfwtools.com/wp-content/uploads/2024/05/reface-porn-AI-150x150.webp, AI Porn Video Face Swapping Tool! ,https://www.ainsfwtools.com/tag/paid/,Paid
 Unclothy AI  ,https://www.ainsfwtools.com/tool/unclothy-ai/,https://www.ainsfwtools.com/wp-content/uploads/2024/05/Unclothy-AI-Logo-150x150.webp, Undress AI Porn Tool! ,https://www.ainsfwtools.com/tag/free-trial/,Free Trial
 AI Furry Porn Generator  ,https://www.ainsfwtools.com/tool/ai-furry-porn-generator/,https://www.ainsfwtools.com/wp-content/uploads/2024/05/furry-ai-porn-generator-150x150.jpg, Furry AI Porn Generator! ,https://www.ainsfwtools.com/tag/paid/,Paid
 FreedomGPT  ,https://www.ainsfwtools.com/tool/freedomgpt/,https://www.ainsfwtools.com/wp-content/uploads/2024/05/freedomgpt-logo-150x150.webp," Uncensored AI Chatbot For Bloggers, Musicians, Video Makers, And Artists! ",https://www.ainsfwtools.com/tag/free-trial/,Free Trial
 Cuties AI  ,https://www.ainsfwtools.com/tool/cuties-ai/,https://www.ainsfwtools.com/wp-content/uploads/2024/05/Cuties-AI-150x150.webp," AI Porn Social Media, AI Nude Generator, NSFW AI Girlfriends, AI Dirty Talk, Undress AI, etc, In 1 Platform! ",https://www.ainsfwtools.com/tag/freemium/,Freemium
 LustLab AI  ,https://www.ainsfwtools.com/tool/lustlab-ai/,https://www.ainsfwtools.com/wp-content/uploads/2024/05/LustLab-AI-150x150.webp," Male, Female, Shemale, Hentai, And Futa Porn AI Generator! ",https://www.ainsfwtools.com/tag/free-trial/,Free Trial
 Bot3 AI  ,https://www.ainsfwtools.com/tool/bot3-ai/,https://www.ainsfwtools.com/wp-content/uploads/2024/05/Bot3-AI-150x150.webp, One Of The Best AI NSFW Chat And Image Generation Platform! ,https://www.ainsfwtools.com/tag/free-trial/,Free Trial
 Novel AI NSFW  ,https://www.ainsfwtools.com/tool/novel-ai-nsfw/,https://www.ainsfwtools.com/wp-content/uploads/2024/05/Novel-AI-NSFW-150x150.webp," One Of The Best AI NSFW Story, Image, And Text Generator! ",https://www.ainsfwtools.com/tag/freemium/,Freemium
 Undress Pro AI  ,https://www.ainsfwtools.com/tool/undress-pro-ai/,https://www.ainsfwtools.com/wp-content/uploads/2024/05/Undress-Pro-AI-150x150.png, Undress For Free! ,https://www.ainsfwtools.com/tag/free-trial/,Free Trial
 Foxify AI  ,https://www.ainsfwtools.com/tool/foxify-ai/,https://www.ainsfwtools.com/wp-content/uploads/2024/05/Foxify-AI-Logo-150x150.webp, Anime NSFW AI Generator! ,https://www.ainsfwtools.com/tag/freemium/,Freemium
 Hentai AI Generator  ,https://www.ainsfwtools.com/tool/hentai-ai-generator/,https://www.ainsfwtools.com/wp-content/uploads/2024/05/AI-Hentai-Pics-Generator-150x150.jpg, AI Hentai Pics Generator! ,https://www.ainsfwtools.com/tag/freemium/,Freemium
 Open Roleplay AI  ,https://www.ainsfwtools.com/tool/open-roleplay-ai/,https://www.ainsfwtools.com/wp-content/uploads/2024/05/Open-Roleplay-AI-150x150.jpg, One Of The Best Roleplay AI NSFW Platform! ,https://www.ainsfwtools.com/tag/freemium/,Freemium
 Talk Dirty With AI  ,https://www.ainsfwtools.com/tool/talk-dirty-with-ai/,https://www.ainsfwtools.com/wp-content/uploads/2024/05/Talking-Dirty-AI-150x150.webp, Talking Dirty AI! ,https://www.ainsfwtools.com/tag/freemium/,Freemium
 NDFY AI  ,https://www.ainsfwtools.com/tool/ndfy-ai/,https://www.ainsfwtools.com/wp-content/uploads/2024/05/NDFY-App-150x150.webp, Deep Nude AI App! ,https://www.ainsfwtools.com/tag/free-trial/,Free Trial
 Dopamine Girl AI  ,https://www.ainsfwtools.com/tool/dopamine-girl-ai/,https://www.ainsfwtools.com/wp-content/uploads/2024/05/dopamine-girl-ai-150x150.webp, AI Porn Generator! ,https://www.ainsfwtools.com/tag/free-trial/,Free Trial
 Undress AI  ,https://www.ainsfwtools.com/tool/undress-ai/,https://www.ainsfwtools.com/wp-content/uploads/2024/05/Undress-AI-Logo-150x150.webp, Instant AI Clothing Remover And Sexting AI! ,https://www.ainsfwtools.com/tag/free-trial/,Free Trial
 XNude AI  ,https://www.ainsfwtools.com/tool/xnude-ai/,https://www.ainsfwtools.com/wp-content/uploads/2024/05/xnude-ai-logo-150x150.webp, AI Undressing Bot! ,https://www.ainsfwtools.com/tag/free-trial/,Free Trial
 OnlyFakes AI App  ,https://www.ainsfwtools.com/tool/onlyfakes-ai-app/,https://www.ainsfwtools.com/wp-content/uploads/2024/05/onlyfakes-ai-app-logo-150x150.webp, One Of The Best AI Image Nudifier! ,https://www.ainsfwtools.com/tag/freemium/,Freemium
 DrawNudes AI  ,https://www.ainsfwtools.com/tool/drawnudes-ai/,https://www.ainsfwtools.com/wp-content/uploads/2024/05/drawnudes-ai-150x150.webp, AI Celebrity Nudes Generator! ,https://www.ainsfwtools.com/tag/free-trial/,Free Trial
 PixAI NSFW  ,https://www.ainsfwtools.com/tool/pixai-nsfw/,https://www.ainsfwtools.com/wp-content/uploads/2024/05/PixAI-NSFW-150x150.webp, NSFW Anime GIF And Photo Maker! ,https://www.ainsfwtools.com/tag/freemium/,Freemium
 Neural Love AI  ,https://www.ainsfwtools.com/tool/neural-love-ai/,https://www.ainsfwtools.com/wp-content/uploads/2024/05/Neural-Love-AI-150x150.webp," Neural Love AI Offers NSFW And SFW AI Image, Audio, And Video Tools! ",https://www.ainsfwtools.com/tag/free-trial/,Free Trial
 Unstability AI  ,https://www.ainsfwtools.com/tool/unstability-ai/,https://www.ainsfwtools.com/wp-content/uploads/2024/05/unstability-ai-logo-150x150.webp, Free AI Nude Creator! ,https://www.ainsfwtools.com/tag/freemium/,Freemium
 Porn Waifu AI  ,https://www.ainsfwtools.com/tool/porn-waifu-ai/,https://www.ainsfwtools.com/wp-content/uploads/2024/05/Porn-Waifu-AI-150x150.webp, NSFW Waifu Generator! ,https://www.ainsfwtools.com/tag/freemium/,Freemium
 AI Babe  ,https://www.ainsfwtools.com/tool/ai-babe/,https://www.ainsfwtools.com/wp-content/uploads/2024/05/AIBabe.Art-Logo-150x150.webp," AIBabe.Art Offers An AI Nude Babe Video, Prompt, And Image Generator! ",https://www.ainsfwtools.com/tag/free-trial/,Free Trial
 DreamGen AI  ,https://www.ainsfwtools.com/tool/dreamgen-ai/,https://www.ainsfwtools.com/wp-content/uploads/2024/05/dreamgen-logo-150x150.webp, AI Roleplay Chatbots And NSFW Story Generator! ,https://www.ainsfwtools.com/tag/free-trial/,Free Trial
 AI Porn AI  ,https://www.ainsfwtools.com/tool/ai-porn-ai/,https://www.ainsfwtools.com/wp-content/uploads/2024/05/AI-Porn-AI-Logo-150x150.webp, Free AI Porn GIF And Image Generator! ,https://www.ainsfwtools.com/tag/freemium/,Freemium
 AI Girlfriend WTF  ,https://www.ainsfwtools.com/tool/ai-girlfriend-wtf/,https://www.ainsfwtools.com/wp-content/uploads/2024/04/AI-Girlfriend-WTF-logo-150x150.webp," Talk Dirty AI, AI Sexting, Yandere AI, AI Waifu, And NSFW AI Generator, All In One Platform! ",https://www.ainsfwtools.com/tag/free-trial/,Free Trial
 DeepMode AI  ,https://www.ainsfwtools.com/tool/deepmode-ai/,https://www.ainsfwtools.com/wp-content/uploads/2024/04/deepmode-ai-logo-150x150.webp, NSFW AI Clones Maker! ,https://www.ainsfwtools.com/tag/free-trial/,Free Trial
 Sudowrite NSFW  ,https://www.ainsfwtools.com/tool/sudowrite-nsfw/,https://www.ainsfwtools.com/wp-content/uploads/2024/04/Sudowrite-NSFW-150x150.webp, NSFW AI Text Writer! ,https://www.ainsfwtools.com/tag/free-trial/,Free Trial
 GetImg NSFW  ,https://www.ainsfwtools.com/tool/getimg-nsfw/,https://www.ainsfwtools.com/wp-content/uploads/2024/04/GetImg-NSFW-150x150.webp, Best NSFW AI Video And Image Generator! ,https://www.ainsfwtools.com/tag/freemium/,Freemium
 OpenSpoken AI  ,https://www.ainsfwtools.com/tool/openspoken-ai/,https://www.ainsfwtools.com/wp-content/uploads/2024/04/openspoken-ai-logo-150x150.webp, Uncensored AI Text Generator! ,https://www.ainsfwtools.com/tag/free-trial/,Free Trial
 Beducated AI  ,https://www.ainsfwtools.com/tool/beducated-ai/,https://www.ainsfwtools.com/wp-content/uploads/2024/04/beducated-150x150.webp, Beducated AI Offers Personalized AI Sex Coach And Courses! ,https://www.ainsfwtools.com/tag/free-trial/,Free Trial
 ChatfAI  ,https://www.ainsfwtools.com/tool/chatfai/,https://www.ainsfwtools.com/wp-content/uploads/2024/04/chatfai-150x150.webp, Free Tool To Create And Engage With NSFW AI Chatbots! ,https://www.ainsfwtools.com/tag/freemium/,Freemium
 Made Porn AI  ,https://www.ainsfwtools.com/tool/made-porn-ai/,https://www.ainsfwtools.com/wp-content/uploads/2024/04/made-porn-ai-150x150.webp, Free AI Nudifier! ,https://www.ainsfwtools.com/tag/freemium/,Freemium
 Soulfun AI  ,https://www.ainsfwtools.com/tool/soulfun-ai/,https://www.ainsfwtools.com/wp-content/uploads/2024/04/Soulfun-AI-150x150.jpg, Unfiltered AI Chatbot For Men And Women! ,https://www.ainsfwtools.com/tag/free-trial/,Free Trial
 Gay AI Porn Generator  ,https://www.ainsfwtools.com/tool/gay-ai-porn-generator/,https://www.ainsfwtools.com/wp-content/uploads/2024/04/AI-Gay-Porn-Generator-150x150.jpg, Best AI Gay Porn Generator! ,https://www.ainsfwtools.com/tag/free-trial/,Free Trial
 AI Nude Asian Generator  ,https://www.ainsfwtools.com/tool/ai-nude-asian-generator/,https://www.ainsfwtools.com/wp-content/uploads/2024/04/AI-Asian-Nude-Generator-150x150.jpg, Best Asian AI Nudes Generator! ,https://www.ainsfwtools.com/tag/free-trial/,Free Trial
 Create Hentai  ,https://www.ainsfwtools.com/tool/create-hentai/,https://www.ainsfwtools.com/wp-content/uploads/2024/04/Create-Hentai-AI-150x150.png, One Of The Best AI Hentai Generator! ,https://www.ainsfwtools.com/tag/free-trial/,Free Trial
 Dezgo AI  ,https://www.ainsfwtools.com/tool/dezgo-ai/,https://www.ainsfwtools.com/wp-content/uploads/2024/04/Dezgo-AI-Logo-150x150.png, Free Uncensored AI Picture Generator! ,https://www.ainsfwtools.com/tag/freemium/,Freemium
 Dream Girl AI Generator  ,https://www.ainsfwtools.com/tool/dream-girl-ai-generator/,https://www.ainsfwtools.com/wp-content/uploads/2024/04/AI-Dream-Girl-Generator-150x150.webp, AI NSFW Girls Social Media Platform! ,https://www.ainsfwtools.com/tag/freemium/,Freemium
 Anime Genius AI  ,https://www.ainsfwtools.com/tool/anime-genius-ai/,https://www.ainsfwtools.com/wp-content/uploads/2024/04/Anime-Genius-AI-150x150.webp, Free NSFW Anime AI Generator With 40+ AI Models Access! ,https://www.ainsfwtools.com/tag/freemium/,Freemium
 DeepNudeNow AI  ,https://www.ainsfwtools.com/tool/deepnudenow-ai/,https://www.ainsfwtools.com/wp-content/uploads/2024/04/DeepNudeNow-AI-150x150.webp, Free Deep Nude AI App! ,https://www.ainsfwtools.com/tag/freemium/,Freemium
 Joi AI GF  ,https://www.ainsfwtools.com/tool/joi-ai-gf/,https://www.ainsfwtools.com/wp-content/uploads/2024/04/Joi-AI-GF-150x150.jpg, AI NSFW Telegram Chatbots! ,https://www.ainsfwtools.com/tag/free-trial/,Free Trial
 AI Charfriend  ,https://www.ainsfwtools.com/tool/ai-charfriend/,https://www.ainsfwtools.com/wp-content/uploads/2024/04/AI-Charfriend-Logo-150x150.jpg, Free Talk Dirty AI Chat Platform! ,https://www.ainsfwtools.com/tag/freemium/,Freemium
 Offrobe AI  ,https://www.ainsfwtools.com/tool/offrobe-ai/,https://www.ainsfwtools.com/wp-content/uploads/2024/04/OffRobe-AI-Logo-150x150.png, AI Nude Art Generator! ,https://www.ainsfwtools.com/tag/freemium/,Freemium
 Anydream AI  ,https://www.ainsfwtools.com/tool/anydream-ai/,https://www.ainsfwtools.com/wp-content/uploads/2024/04/Anydream-AI-150x150.webp, Uncensored AI Girlfriend Generator! ,https://www.ainsfwtools.com/tag/free-trial/,Free Trial
 Lustix  ,https://www.ainsfwtools.com/tool/lustix/,https://www.ainsfwtools.com/wp-content/uploads/2024/04/lustix-logo-150x150.png, Erotic Story AI Generator! ,https://www.ainsfwtools.com/tag/free-trial/,Free Trial
 Privee AI  ,https://www.ainsfwtools.com/tool/privee-ai/,https://www.ainsfwtools.com/wp-content/uploads/2024/04/Privee-AI-150x150.png, Free Uncensored AI Chat Platform! ,https://www.ainsfwtools.com/tag/freemium/,Freemium
 Pornify AI  ,https://www.ainsfwtools.com/tool/pornify-ai/,https://www.ainsfwtools.com/wp-content/uploads/2024/04/Pornify-AI-150x150.jpg," AI Porn VR, Image, Video, Chat, And Story Generator! ",https://www.ainsfwtools.com/tag/free-trial/,Free Trial
 Nextpart AI  ,https://www.ainsfwtools.com/tool/nextpart-ai/,https://www.ainsfwtools.com/wp-content/uploads/2024/04/Nextpart-AI-150x150.jpg, New AI Seductive Chat Platform! ,https://www.ainsfwtools.com/tag/free-trial/,Free Trial
 GetPorn AI  ,https://www.ainsfwtools.com/tool/getporn-ai/,https://www.ainsfwtools.com/wp-content/uploads/2024/04/GetPorn-AI-150x150.png, Enjoy The Pro Plan Of This AI Porn Creator For Free For 3 Days! ,https://www.ainsfwtools.com/tag/free-trial/,Free Trial
 AIPornHub  ,https://www.ainsfwtools.com/tool/aipornhub/,https://www.ainsfwtools.com/wp-content/uploads/2024/04/AIPornHub-150x150.webp, AI Porn Image Generator And AI Porn GIF Generator! ,https://www.ainsfwtools.com/tag/free-trial/,Free Trial
 SpicyChat AI  ,https://www.ainsfwtools.com/tool/spicychat-ai/,https://www.ainsfwtools.com/wp-content/uploads/2024/04/spicychat-ai-logo-150x150.png, Free Dirty AI Chat Platform With 1000s Of Chatbots! ,https://www.ainsfwtools.com/tag/freemium/,Freemium
 AI Exotic  ,https://www.ainsfwtools.com/tool/ai-exotic/,https://www.ainsfwtools.com/wp-content/uploads/2024/04/Exotic-AI.webp, Fast AI Realistic And Hentai Porn Generator! ,https://www.ainsfwtools.com/tag/free-trial/,Free Trial
 Replika AI NSFW  ,https://www.ainsfwtools.com/tool/replika-ai-nsfw/,https://www.ainsfwtools.com/wp-content/uploads/2024/03/replika-ai-nsfw-150x150.png, Create Nude Photos And Roleplay With Replika AI NSFW GF ! ,https://www.ainsfwtools.com/tag/free/,Free
 Kajiwoto NSFW  ,https://www.ainsfwtools.com/tool/kajiwoto-nsfw/,https://www.ainsfwtools.com/wp-content/uploads/2024/04/Kajiwoto-NSFW-150x150.jpg," Free AI Sext Chat Bots With Image, Voice, And Chat Features! ",https://www.ainsfwtools.com/tag/free/,Free
 CreatePorn AI  ,https://www.ainsfwtools.com/tool/createporn-ai/,https://www.ainsfwtools.com/wp-content/uploads/2024/04/free-ai-nude-generator-logo-150x150.png, Free AI Nude Generator With Plans Starting At $1 For 2 Days! ,https://www.ainsfwtools.com/tag/freemium/,Freemium
 Only NSFW AI  ,https://www.ainsfwtools.com/tool/only-nsfw-ai/,https://www.ainsfwtools.com/wp-content/uploads/2024/04/AI-NSFW-App-150x150.png, Best NSFW AI App With Nude Image Generation And Sexting! ,https://www.ainsfwtools.com/tag/free-trial/,Free Trial
 AI Hentai Generator  ,https://www.ainsfwtools.com/tool/ai-hentai-generator/,https://www.ainsfwtools.com/wp-content/uploads/2024/04/hentai-ai-generator-150x150.jpg, Generate Hentai Images Using This AI Tool! ,https://www.ainsfwtools.com/tag/freemium/,Freemium
 R34 AI Art Generator  ,https://www.ainsfwtools.com/tool/r34-ai-art-generator/,https://www.ainsfwtools.com/wp-content/uploads/2024/04/R34-AI-Generator-150x150.png, Free R34 AI Generator With 40+ AI Loras And Models! ,https://www.ainsfwtools.com/tag/freemium/,Freemium
 AI NSFW AI  ,https://www.ainsfwtools.com/tool/ai-nsfw-ai/,https://www.ainsfwtools.com/wp-content/uploads/2024/04/nsfw-ai-image-maker-150x150.png, Enjoy NSFW AI Image Maker And AI Sext Tool! ,https://www.ainsfwtools.com/tag/freemium/,Freemium
 Yodayo AI  ,https://www.ainsfwtools.com/tool/yodayo-ai/,https://www.ainsfwtools.com/wp-content/uploads/2024/03/yodayo-ai-logo-150x150.jpeg, NSFW Anime AI Platform With Image Generation And Chat Features! ,https://www.ainsfwtools.com/tag/freemium/,Freemium
 CivitAI  ,https://www.ainsfwtools.com/tool/civitai/,https://www.ainsfwtools.com/wp-content/uploads/2024/02/civitai-150x150.jpg, Best Free AI Nude Generator Social Media Platform! ,https://www.ainsfwtools.com/tag/free/,Free
 DreamPress AI  ,https://www.ainsfwtools.com/tool/dreampress-ai/,https://www.ainsfwtools.com/wp-content/uploads/2024/03/Dreampress-AI-150x150.png, NSFW AI Story Writer And BDSM AI Chat Platform! ,https://www.ainsfwtools.com/tag/freemium/,Freemium
 DreamGF AI  ,https://www.ainsfwtools.com/tool/dreamgf-ai/,https://www.ainsfwtools.com/wp-content/uploads/2024/03/dreamgf-ai-logo-150x150.jpg, AI GF Generator With No Restrictions! ,https://www.ainsfwtools.com/tag/free-trial/,Free Trial
 OnlyRizz AI  ,https://www.ainsfwtools.com/tool/onlyrizz-ai/,https://www.ainsfwtools.com/wp-content/uploads/2024/03/onlyrizz-ai-rizz-generator-150x150.jpeg," AI Rizz Generator With Uncensored Videos, Text, Audio, And Images! ",https://www.ainsfwtools.com/tag/free-trial/,Free Trial
 IceGirls AI  ,https://www.ainsfwtools.com/tool/icegirls-ai/,https://www.ainsfwtools.com/wp-content/uploads/2024/03/IceGirls-AI-Logo-150x150.jpg, IceGirls Offers An AI Celebrity Nudes Generator And An AI Porn Creator! ,https://www.ainsfwtools.com/tag/freemium/,Freemium
 PornX AI  ,https://www.ainsfwtools.com/tool/pornx-ai/,https://www.ainsfwtools.com/wp-content/uploads/2024/03/pornx-ai-logo.webp," PornX AI Offers AI Porn Video Generator, AI Nude Library, Gay AI Porn Generator, AI Undressing, etc! ",https://www.ainsfwtools.com/tag/freemium/,Freemium
 OnlyWaifus AI  ,https://www.ainsfwtools.com/tool/onlywaifus-ai/,https://www.ainsfwtools.com/wp-content/uploads/2024/03/onlywaifus-ai.png, NSFW AI Waifu Generator! ,https://www.ainsfwtools.com/tag/paid/,Paid
 FantasyGF  ,https://www.ainsfwtools.com/tool/fantasygf/,https://www.ainsfwtools.com/wp-content/uploads/2024/03/fantasygf-ai-150x150.png," NSFW AI Girlfriend Generator With Features Like Calls, Image Request, Chats, etc! ",https://www.ainsfwtools.com/tag/free-trial/,Free Trial
 Romantic AI  ,https://www.ainsfwtools.com/tool/romantic-ai/,https://www.ainsfwtools.com/wp-content/uploads/2024/03/romantic-ai-logo-150x150.webp, Unrestricted NSFW AI Roleplay With Accurate Response And Images! ,https://www.ainsfwtools.com/tag/freemium/,Freemium
 GetIdol AI  ,https://www.ainsfwtools.com/tool/getidol-ai/,https://www.ainsfwtools.com/wp-content/uploads/2024/03/getidol-ai.png, Best Sexual Roleplay AI Platform With A Unique Feature Called PeepShow! ,https://www.ainsfwtools.com/tag/freemium/,Freemium
 AI Nudify Online  ,https://www.ainsfwtools.com/tool/ai-nudify-online/,https://www.ainsfwtools.com/wp-content/uploads/2024/03/ai-nudify-online.webp, Undress Anyone Including Celebrities Using This AI Cloth Remover! ,https://www.ainsfwtools.com/tag/free-trial/,Free Trial
 NSFW Art Generator AI ,https://www.ainsfwtools.com/tool/uncensored-ai-image-generator/,https://www.ainsfwtools.com/wp-content/uploads/2024/03/Uncensored-AI-Image-Generator.png," AI Image Generator With Multiple AI Models, Fast Response, Styles And Poses! ",https://www.ainsfwtools.com/tag/paid/,Paid
 Nectar AI  ,https://www.ainsfwtools.com/tool/nectar-ai/,https://www.ainsfwtools.com/wp-content/uploads/2024/03/nectar-ai-logo.webp," TryNectar AI Offers Roleplay AI Chatbots, AI Porn GIF Generator, And Nude AI Image Generator! ",https://www.ainsfwtools.com/tag/freemium/,Freemium
 eHentai AI  ,https://www.ainsfwtools.com/tool/ehentai-ai/,https://www.ainsfwtools.com/wp-content/uploads/2024/03/ehentai-ai-logo.jpg," Hentai AI Chatbot Collection With Features Like Chat, Voice Message, And Image Generator! ",https://www.ainsfwtools.com/tag/free-trial/,Free Trial
 Super Sexy AI  ,https://www.ainsfwtools.com/tool/super-sexy-ai/,https://www.ainsfwtools.com/wp-content/uploads/2024/03/super-sexy-ai-logo-150x150.webp, Simplest Website That Offers AI Sexting With Pictures! ,https://www.ainsfwtools.com/tag/free-trial/,Free Trial
 Make Nude AI  ,https://www.ainsfwtools.com/tool/make-nude-ai/,https://www.ainsfwtools.com/wp-content/uploads/2024/03/make-nude-ai-logo-150x150.webp, Create AI Generated Nude Images Using This Nudes Generator AI! ,https://www.ainsfwtools.com/tag/paid/,Paid
 CuteChat AI  ,https://www.ainsfwtools.com/tool/cutechat-ai/,https://www.ainsfwtools.com/wp-content/uploads/2024/03/CuteChat-AI-logo-150x150.webp, Unfiltered NSFW AI Chat And Censored AI Nude Image Generator! ,https://www.ainsfwtools.com/tag/free-trial/,Free Trial
 Tingo AI  ,https://www.ainsfwtools.com/tool/tingo-ai/,https://www.ainsfwtools.com/wp-content/uploads/2024/03/tingo-ai-logo-150x150.webp, Candy AI Alternative With All NSFW Features! ,https://www.ainsfwtools.com/tag/free-trial/,Free Trial
 Undress Deep AI  ,https://www.ainsfwtools.com/tool/undress-deep-ai/,https://www.ainsfwtools.com/wp-content/uploads/2024/03/undress-deep-ai-logo-150x150.webp, New But Powerful AI Image Undresser! ,https://www.ainsfwtools.com/tag/free-trial/,Free Trial
 WaifuChat AI  ,https://www.ainsfwtools.com/tool/waifuchat-ai/,https://www.ainsfwtools.com/wp-content/uploads/2024/03/WaifuChat-AI-Logo.jpg, WaifuChat AI Offers SFW And NSFW AI Waifu Chatbots! ,https://www.ainsfwtools.com/tag/freemium/,Freemium
 Nolim AI  ,https://www.ainsfwtools.com/tool/nolim-ai/,https://www.ainsfwtools.com/wp-content/uploads/2024/03/nolim-ai-logo.png, Create AI Images With No Censorship! ,https://www.ainsfwtools.com/tag/freemium/,Freemium
 GlamGirls AI  ,https://www.ainsfwtools.com/tool/glamgirls-ai/,https://www.ainsfwtools.com/wp-content/uploads/2024/03/glamgirls-ai-logo-150x150.webp, AI GF Sexting Platform With 100s Of Prebuilt Hot AI NSFW Girlfriends! ,https://www.ainsfwtools.com/tag/free-trial/,Free Trial
 AI Sexter  ,https://www.ainsfwtools.com/tool/ai-sexter/,https://www.ainsfwtools.com/wp-content/uploads/2024/03/ai-sexter.webp, This Sexting AI App Offers AI Porn Chat And Nude AI Image Generator! ,https://www.ainsfwtools.com/tag/free-trial/,Free Trial
 AI Wife Online  ,https://www.ainsfwtools.com/tool/ai-wife-online/,https://www.ainsfwtools.com/wp-content/uploads/2024/03/wife-online.webp, New AI Girlfriend Creator Platform! ,https://www.ainsfwtools.com/tag/free-trial/,Free Trial
 My Dream Boy  ,https://www.ainsfwtools.com/tool/my-dream-boy/,https://www.ainsfwtools.com/wp-content/uploads/2024/03/NSFW-AI-Boyfriend-By-My-Dream-Boy.jpg, Gay AI Porn Generator For Creating NSFW AI Boyfriend! ,https://www.ainsfwtools.com/tag/free-trial/,Free Trial
 Desired AI  ,https://www.ainsfwtools.com/tool/desired-ai/,https://www.ainsfwtools.com/wp-content/uploads/2024/03/desired-ai.webp," New AI NSFW Companion Platform With Image Generation, Voice Message, And Other Support! ",https://www.ainsfwtools.com/tag/free-trial/,Free Trial
 CrushOn AI  ,https://www.ainsfwtools.com/tool/crushon-ai/,https://www.ainsfwtools.com/wp-content/uploads/2024/03/No-Filter-NSFW-Character-AI-Chat-Bots-150x150.webp, Join Over 15 Million Active Users And Use No Filter NSFW Character AI Chat Bots! ,https://www.ainsfwtools.com/tag/freemium/,Freemium
 Undressing.io  ,https://www.ainsfwtools.com/tool/undressing-bot/,https://www.ainsfwtools.com/wp-content/uploads/2024/03/undressing.io-logo-150x150.jpg, AI Cloth Remover Platform With 40 Free AI Undressing Credits! ,https://www.ainsfwtools.com/tag/free-trial/,Free Trial
 Undress VIP  ,https://www.ainsfwtools.com/tool/undress-vip/,https://www.ainsfwtools.com/wp-content/uploads/2024/03/Undress-vip-150x150.webp," Undress VIP Offers 4 Bots: NSFW AI Girlfriend, FaceSwap, Pornpen, And Undressing AI Telegram Bot! ",https://www.ainsfwtools.com/tag/free-trial/,Free Trial
 AiPorn  ,https://www.ainsfwtools.com/tool/aiporn/,https://www.ainsfwtools.com/wp-content/uploads/2024/03/AIPorn-150x150.webp, Create AI Generated Hot Women And Men Using This Nude AI Art Generator! ,https://www.ainsfwtools.com/tag/freemium/,Freemium
 PornSea AI  ,https://www.ainsfwtools.com/tool/pornsea-ai/,https://www.ainsfwtools.com/wp-content/uploads/2024/03/pornsea-ai.webp, Create AI Generated Nude Art Using The Free Plan Of This AI Nude Art Generator! ,https://www.ainsfwtools.com/tag/freemium/,Freemium
 Alphazria AI  ,https://www.ainsfwtools.com/tool/alphazria-ai/,https://www.ainsfwtools.com/wp-content/uploads/2024/03/Alphazria-AI-150x150.jpg," AI NSFW Roleplay Platform With Scenarios, Studio And Chats! ",https://www.ainsfwtools.com/tag/freemium/,Freemium
 Dittin AI  ,https://www.ainsfwtools.com/tool/dittin-ai/,https://www.ainsfwtools.com/wp-content/uploads/2024/03/Dittin-AI.webp, Free Alternative To Character AI Plus Without NSFW Filters! ,https://www.ainsfwtools.com/tag/freemium/,Freemium
 STXT AI  ,https://www.ainsfwtools.com/tool/stxt-ai/,https://www.ainsfwtools.com/wp-content/uploads/2024/03/STXT-AI-150x150.webp," Femdom AI Chatbot With Video, Photo, Voice Notes, And Text Features! ",https://www.ainsfwtools.com/tag/free-trial/,Free Trial
 DeepNudify AI  ,https://www.ainsfwtools.com/tool/deepnudify-ai/,https://www.ainsfwtools.com/wp-content/uploads/2024/03/deepnudify-ai.png, Nudify Anyone Using This DeepNude AI App! ,https://www.ainsfwtools.com/tag/freemium/,Freemium
 OutfitSwap AI  ,https://www.ainsfwtools.com/tool/outfitswap-ai/,https://www.ainsfwtools.com/wp-content/uploads/2024/03/outfitswap-ai.png, A New Undressing AI Tool! ,https://www.ainsfwtools.com/tag/free-trial/,Free Trial
 Character AI  ,https://www.ainsfwtools.com/tool/character-ai/,https://www.ainsfwtools.com/wp-content/uploads/2024/03/character-ai.png, SFW And NSFW Chatbots By Google AI Developers! ,https://www.ainsfwtools.com/tag/freemium/,Freemium
 Promptchan AI  ,https://www.ainsfwtools.com/tool/promptchan-ai/,https://www.ainsfwtools.com/wp-content/uploads/2024/03/promptchan-ai-logo.png, Create AI Generated Porn GIFs And Images Using This AI Nude Creator! ,https://www.ainsfwtools.com/tag/free-trial/,Free Trial
 AI Fap  ,https://www.ainsfwtools.com/tool/ai-fap/,https://www.ainsfwtools.com/wp-content/uploads/2024/03/ai-fap-150x150.png," Sexting AI With Olivia (AI Fap Girlfriend), Amber Royce (AI Femdom), Velvet Paw (Furry Dog), etc! ",https://www.ainsfwtools.com/tag/free-trial/,Free Trial
 SillyTavern AI  ,https://www.ainsfwtools.com/tool/sillytavern-ai/,https://www.ainsfwtools.com/wp-content/uploads/2024/02/sillytavern-ai-logo.png, Free Uncensored AI Platform! ,https://www.ainsfwtools.com/tag/free/,Free
 Frosting AI  ,https://www.ainsfwtools.com/tool/frosting-ai/,https://www.ainsfwtools.com/wp-content/uploads/2024/02/frosting-ai-logo-150x150.png, Create Sexy AI Generated Images Using This 100% Free AI Nude Art Generator! ,https://www.ainsfwtools.com/tag/free/,Free
 Botmake AI  ,https://www.ainsfwtools.com/tool/botmake-ai/,https://www.ainsfwtools.com/wp-content/uploads/2024/02/botmake-ai.png, No-Code Platform For Creating And Chatting With AI Anime Sex Chat Bots! ,https://www.ainsfwtools.com/tag/freemium/,Freemium
 RolePlai AI  ,https://www.ainsfwtools.com/tool/roleplai-ai/,https://www.ainsfwtools.com/wp-content/uploads/2024/02/roleplai-ai-150x150.png, Free Roleplay AI App And Website With 100s Of AI NSFW Chat Bots! ,https://www.ainsfwtools.com/tag/freemium/,Freemium
 RisuAI  ,https://www.ainsfwtools.com/tool/risuai/,https://www.ainsfwtools.com/wp-content/uploads/2024/02/risuai-150x150.png, Free AI Roleplay Website With Multiple Languages And AI Models Support! ,https://www.ainsfwtools.com/tag/free/,Free
 Kindroid AI  ,https://www.ainsfwtools.com/tool/kindroid-ai/,https://www.ainsfwtools.com/wp-content/uploads/2024/02/kindroid-ai-150x150.png, Unrestricted NSFW AI Companion App And Website! ,https://www.ainsfwtools.com/tag/free-trial/,Free Trial
 Joyland AI  ,https://www.ainsfwtools.com/tool/joyland-ai/,https://www.ainsfwtools.com/wp-content/uploads/2024/02/Joyland-AI-150x150.webp, Free NSFW Roleplay Chatbot Platform! ,https://www.ainsfwtools.com/tag/freemium/,Freemium
 Seduced AI  ,https://www.ainsfwtools.com/tool/seduced-ai-tool/,https://www.ainsfwtools.com/wp-content/uploads/2024/02/seduced-ai.png, Best AI Video Porn Generator And AI Porn Art Generator! ,https://www.ainsfwtools.com/tag/paid/,Paid
 Nastia AI  ,https://www.ainsfwtools.com/tool/nastia-ai/,https://www.ainsfwtools.com/wp-content/uploads/2024/02/nastia-ai.png, Unfiltered Chat And Uncensored NSFW Roleplay AI Chatbot! ,https://www.ainsfwtools.com/tag/free/,Free
 Muah AI  ,https://www.ainsfwtools.com/tool/muah-ai/,https://www.ainsfwtools.com/wp-content/uploads/2024/02/muah-ai-150x150.webp," NSFW AI Companion Platform With Live Calls, SMS, Photo Sending And Receiving Capabilities, And More! ",https://www.ainsfwtools.com/tag/freemium/,Freemium
 Pornpen AI  ,https://www.ainsfwtools.com/tool/pornpen-ai/,https://www.ainsfwtools.com/wp-content/uploads/2024/02/pornpen-ai-150x150.png," This Porn AI Creator Lets You Create AI Porn Game, Gifs, Images, Chats, And More! ",https://www.ainsfwtools.com/tag/freemium/,Freemium
 Intimate AI Girlfriend  ,https://www.ainsfwtools.com/tool/intimate-ai-girlfriend/,https://www.ainsfwtools.com/wp-content/uploads/2024/02/Intimate-AI-Girlfriend-150x150.webp, Unfiltered NSFW AI Roleplay With Your Companion! ,https://www.ainsfwtools.com/tag/freemium/,Freemium
 Penly AI  ,https://www.ainsfwtools.com/tool/penly-ai/,https://www.ainsfwtools.com/wp-content/uploads/2024/02/Penly-AI-150x150.png," Penly.AI offers Image Generator, Face Swap, Generative Fill, NSFW AI Chat, AI Undresser, And More! ",https://www.ainsfwtools.com/tag/free-trial/,Free Trial
 X-Pictures AI  ,https://www.ainsfwtools.com/tool/x-pictures-ai/,https://www.ainsfwtools.com/wp-content/uploads/2024/02/X-Pictures-AI-150x150.png," Enjoy X-Insta, Undressing AI, AI Porn Video Generator, And AI Porn Image Editor, All In One Platform! ",https://www.ainsfwtools.com/tag/freemium/,Freemium
 AI Undress Love  ,https://www.ainsfwtools.com/tool/ai-undress-love/,https://www.ainsfwtools.com/wp-content/uploads/2024/02/undress-love-150x150.webp, Undress Anyone Using This Deepfake AI Clothes Remover! ,https://www.ainsfwtools.com/tag/free-trial/,Free Trial
 Moemate AI  ,https://www.ainsfwtools.com/tool/moemate-ai/,https://www.ainsfwtools.com/wp-content/uploads/2024/02/moemate-ai-tool.png, Free NSFW AI Roleplay Platform With 400+ Erotic Chatbots! ,https://www.ainsfwtools.com/tag/free/,Free
 Deepfake AI Apk  ,https://www.ainsfwtools.com/tool/deepfake-ai-apk/,https://www.ainsfwtools.com/wp-content/uploads/2024/02/deepfake-ai-nude-tool-150x150.webp, Generate AI Deepfake Nudes For Free Using This Deepfake Nude AI Tool! ,https://www.ainsfwtools.com/tag/freemium/,Freemium
 Janitor AI  ,https://www.ainsfwtools.com/tool/janitor-ai/,https://www.ainsfwtools.com/wp-content/uploads/2024/02/Janitor-AI-150x150.webp, Unlimited And Impressive Free NSFW AI Chat Bots For Everyone! ,https://www.ainsfwtools.com/tag/free/,Free
 AI Nudify VIP  ,https://www.ainsfwtools.com/tool/ai-nudify-vip/,https://www.ainsfwtools.com/wp-content/uploads/2024/02/ai-nudify-vip.webp, Use This AI Nudify Web Platform And Remove Any Clothes From Photos! ,https://www.ainsfwtools.com/tag/free-trial/,Free Trial
 Love My AI  ,https://www.ainsfwtools.com/tool/love-my-ai/,https://www.ainsfwtools.com/wp-content/uploads/2024/02/love-my-ai-150x150.webp," Chat, Voice Message, Generate AI NSFW Images, And Earn With NSFW AI Girlfriend Chatbots! ",https://www.ainsfwtools.com/tag/freemium/,Freemium
 Pornderful AI  ,https://www.ainsfwtools.com/tool/pornderful-ai/,https://www.ainsfwtools.com/wp-content/uploads/2024/02/Pornderful-AI-150x150.png, Generate Porn AI Images For Free Using This AI Porn Editor! ,https://www.ainsfwtools.com/tag/freemium/,Freemium
 AI Hentai Chatbot  ,https://www.ainsfwtools.com/tool/ai-hentai-chatbot/,https://www.ainsfwtools.com/wp-content/uploads/2024/02/AI-Hentai-Chatbot-150x150.webp," Create AI Hentai Chatbot, Chat On Any Intimate Topics, And Generate Hentai AI Images! ",https://www.ainsfwtools.com/tag/free-trial/,Free Trial
 NSFW Character AI  ,https://www.ainsfwtools.com/tool/nsfw-character-ai/,https://www.ainsfwtools.com/wp-content/uploads/2024/02/NSFW-Character-AI-150x150.webp, Create And Chat With NSFW Characters Using This NSFW Character Creator! ,https://www.ainsfwtools.com/tag/free-trial/,Free Trial
 Undress Baby AI  ,https://www.ainsfwtools.com/tool/undress-baby-ai/,https://www.ainsfwtools.com/wp-content/uploads/2024/02/undressbaby-ai.webp, New AI Undress Tool To Remove Clothes Of Any Picture! ,https://www.ainsfwtools.com/tag/free-trial/,Free Trial
 PornJoy AI  ,https://www.ainsfwtools.com/tool/pornjoy-ai/,https://www.ainsfwtools.com/wp-content/uploads/2024/02/pornjoy-ai-porn-image-editor-150x150.webp, Free AI Porn Photo Editor And Porn AI Chat Bot! ,https://www.ainsfwtools.com/tag/freemium/,Freemium
 Sexy AI Nudes Generator  ,https://www.ainsfwtools.com/tool/sexy-ai-nudes-generator/,https://www.ainsfwtools.com/wp-content/uploads/2024/02/Free-Sexy-AI-Nudes-Generator-And-AI-Nude-Video-Generator.webp, Free Sexy AI Nudes Generator And AI Nude Video Generator! ,https://www.ainsfwtools.com/tag/free/,Free
 Clothoff AI  ,https://www.ainsfwtools.com/tool/clothoff-ai/,https://www.ainsfwtools.com/wp-content/uploads/2024/02/Clothoff-AI.png, Undress Any Photo With Clothoff AI For Free! ,https://www.ainsfwtools.com/tag/free-trial/,Free Trial
 Undress AI Bot  ,https://www.ainsfwtools.com/tool/undress-ai-bot/,https://www.ainsfwtools.com/wp-content/uploads/2024/02/AI-free-undresser-150x150.webp, Remove Clothes Of Any Pics Using This AI Undresser Free Tool! ,https://www.ainsfwtools.com/tag/free-trial/,Free Trial
 Nudify Her  ,https://www.ainsfwtools.com/tool/nudify-her/,https://www.ainsfwtools.com/wp-content/uploads/2024/02/Nudify-Her-An-Online-Nudifier-Platform-150x150.webp," Create Cum, Faceswaps, Naked AI Images And More Using This Online Nudifier! ",https://www.ainsfwtools.com/tag/paid/,Paid
 Easyerp AI  ,https://www.ainsfwtools.com/tool/easyerp-ai/,https://www.ainsfwtools.com/wp-content/uploads/2024/02/Easyerp.AI-Chat-And-Create-Your-Own-NSFW-AI-Roleplay-Chatbot-150x150.png, Chat And Create Your Own NSFW AI Roleplay Chatbot! ,https://www.ainsfwtools.com/tag/free-trial/,Free Trial
