标题,标题链接,图片,lfcontact,类别_链接,类别,task_category_list
" Kupid AI  ",https://www.ainsfwtools.com/tool/kupid-ai/,https://www.ainsfwtools.com/wp-content/uploads/2025/03/kupid-ai-logo-150x150.jpg," The #1 platforms for chatting and creating your own AI girlfriend (NSFW)! ",https://www.ainsfwtools.com/tag/free-trial/,Free Trial,"NSFW Chatbots/Virtual Companions, NSFW Content Platforms/Communities, Multi-Purpose NSFW Suites"
" Nudify.Me  ",https://www.ainsfwtools.com/tool/nudify-me/,https://www.ainsfwtools.com/wp-content/uploads/2024/05/nudify-me-logo-150x150.webp," Create DeepNude Images Online and on Telegram, Free! (No Blur) ",https://www.ainsfwtools.com/tag/free-trial/,Free Trial,"AI Nudifier/DeepNude Tools, Telegram NSFW Bots"
" Dreampaint AI  ",https://www.ainsfwtools.com/tool/dreampaint-ai/,https://www.ainsfwtools.com/wp-content/uploads/2024/05/dreampaint-ai-150x150.jpg," Nudify and apply nsfw effects on your idols (facial, bukkake, futanari, shibari, tattoo). ",https://www.ainsfwtools.com/tag/free-trial/,Free Trial,"AI Nudifier/DeepNude Tools, Style Transfer/NSFW Effects, Celebrity-Focused Tools, Fetish-Specific Generators, Multi-Purpose NSFW Suites"
" DeepNude No Blur  ",https://www.ainsfwtools.com/tool/deepnude-no-blur/,https://www.ainsfwtools.com/wp-content/uploads/2024/04/free-deepnude-app-150x150.jpg," Free And Best AI DeepNude Tool! ",https://www.ainsfwtools.com/tag/freemium/,Freemium,AI Nudifier/DeepNude Tools
" PornJourney AI  ",https://www.ainsfwtools.com/tool/pornjourney-ai/,https://www.ainsfwtools.com/wp-content/uploads/2024/02/pornjourney-ai-porn-art-generator-logo.png," Create AI Porn Videos, Do AI Sexting, Make AI NSFW Stories And Generate AI Nude Images! ",https://www.ainsfwtools.com/tag/freemium/,Freemium,"NSFW Image Generators, NSFW Video Generators, NSFW Story Generators, Interactive Roleplay Platforms, Multi-Purpose NSFW Suites"
" Nud3  ",https://www.ainsfwtools.com/tool/nud3-ai/,https://www.ainsfwtools.com/wp-content/uploads/2025/04/nud3-150x150.png," New AI That Creates Deepfake Porn From A Single Photo! ",https://www.ainsfwtools.com/tag/free-trial/,Free Trial,Face Swap/DeepFake Tools
" XXX AI Generator  ",https://www.ainsfwtools.com/tool/xxx-ai-generator/,https://www.ainsfwtools.com/wp-content/uploads/2025/03/ai-xxx-generator-150x150.jpg," AI Porn Video Generator With Image Generation Too! ",https://www.ainsfwtools.com/tag/free-trial/,Free Trial,NSFW Video Generators
" AI Image Generator Without Restrictions  ",https://www.ainsfwtools.com/tool/ai-image-generator-without-restrictions/,https://www.ainsfwtools.com/wp-content/uploads/2025/03/AI-Image-Generator-With-No-Restrictions.png," AI Image Generator With No Restrictions And Multiple Modes! ",https://www.ainsfwtools.com/tag/free-trial/,Free Trial,"NSFW Image Generators, Uncensored/No Filter Content Creators, Multi-Purpose NSFW Suites"
" Xjoy AI  ",https://www.ainsfwtools.com/tool/xjoy-ai/,https://www.ainsfwtools.com/wp-content/uploads/2025/02/XJoy.AI_.png," AI NSFW Platform With Short Video, Chatting, Face Changing, Undressing, And Sexy Pic Generation Features! ",https://www.ainsfwtools.com/tag/free-trial/,Free Trial,"AI Nudifier/DeepNude Tools, NSFW Chatbots/Virtual Companions, Face Swap/DeepFake Tools, NSFW Content Platforms/Communities, Multi-Purpose NSFW Suites"
" AI Nudes Generator  ",https://www.ainsfwtools.com/tool/ai-nudes-generator/,https://www.ainsfwtools.com/wp-content/uploads/2025/01/ai-nudes-generator-150x150.jpg," Free AI Nude Generator Featuring Image And Video Creation For Anime, Realistic, Furry, Gay, And More Choices! ",https://www.ainsfwtools.com/tag/free-trial/,Free Trial,"AI Nudifier/DeepNude Tools, NSFW Image Generators, NSFW Video Generators, Anime/Hentai Generators, Gay/LGBT Content Generators, Furry Content Creators"
" NSFW ChatGPT  ",https://www.ainsfwtools.com/tool/nsfw-chatgpt/,https://www.ainsfwtools.com/wp-content/uploads/2025/01/nsfw-chatgpt-150x150.jpg," NSFW Chat GPT With Talking And Image Generation Features! ",https://www.ainsfwtools.com/tag/freemium/,Freemium,"NSFW Chatbots/Virtual Companions, NSFW Image Generators, Multi-Purpose NSFW Suites"
" AliveAI.App  ",https://www.ainsfwtools.com/tool/aliveai-app/,https://www.ainsfwtools.com/wp-content/uploads/2025/01/aliveai-app-150x150.jpg," Free Uncensored AI Image Generator! ",https://www.ainsfwtools.com/tag/freemium/,Freemium,"NSFW Image Generators, Uncensored/No Filter Content Creators"
" Unfiltered AI Chat  ",https://www.ainsfwtools.com/tool/unfiltered-ai-chat/,https://www.ainsfwtools.com/wp-content/uploads/2025/01/unfiltered-ai-chat-150x150.jpg," Freemium AI Unfiltered Platform For Anime Fans! ",https://www.ainsfwtools.com/tag/freemium/,Freemium,"NSFW Chatbots/Virtual Companions, Anime/Hentai Generators, NSFW Content Platforms/Communities, Uncensored/No Filter Content Creators"
" Janny AI  ",https://www.ainsfwtools.com/tool/janny-ai/,https://www.ainsfwtools.com/wp-content/uploads/2025/01/janny-ai-150x150.jpg," Download Restricted Janitor AI NSFW Chatbots For Free! ",https://www.ainsfwtools.com/tag/freemium/,Freemium,NSFW Chatbots/Virtual Companions
" FaceSwapLab  ",https://www.ainsfwtools.com/tool/faceswaplab/,https://www.ainsfwtools.com/wp-content/uploads/2025/01/faceswaplab-150x150.jpg," Free AI Face Swapper For NSFW Content! ",https://www.ainsfwtools.com/tag/free-trial/,Free Trial,Face Swap/DeepFake Tools
" Fanfic Maker  ",https://www.ainsfwtools.com/tool/fanfic-maker/,https://www.ainsfwtools.com/wp-content/uploads/2025/01/fanfic-maker-150x150.jpg," NSFW Fanfic Creator With A Free Trial! ",https://www.ainsfwtools.com/tag/free-trial/,Free Trial,NSFW Story Generators
" ForYouChat AI  ",https://www.ainsfwtools.com/tool/foryouchat-ai/,https://www.ainsfwtools.com/wp-content/uploads/2024/12/foryouchat-ai-150x150.jpg," Create, Talk, And Share NSFW GIF, Images, Voice, etc, With Your GF! ",https://www.ainsfwtools.com/tag/free-trial/,Free Trial,"AI Voice/Audio NSFW Tools, NSFW Animation Creators, Multi-Purpose NSFW Suites"
" TakeItOff AI  ",https://www.ainsfwtools.com/tool/takeitoff-ai/,https://www.ainsfwtools.com/wp-content/uploads/2024/12/takeitoff.ai-150x150.jpg," TakeItOff.AI Offers AI Undresser, NSFW Anime Generator, Face Swapper, Nude Girl Generator And More! ",https://www.ainsfwtools.com/tag/free-trial/,Free Trial,"AI Nudifier/DeepNude Tools, Face Swap/DeepFake Tools, Anime/Hentai Generators"
" Undress IA  ",https://www.ainsfwtools.com/tool/undress-ia/,https://www.ainsfwtools.com/wp-content/uploads/2024/12/Undress-IA-150x150.jpg," Undressing IA Tool With Female And Male Undress Capabilities! ",https://www.ainsfwtools.com/tag/freemium/,Freemium,AI Nudifier/DeepNude Tools
" OurDream AI  ",https://www.ainsfwtools.com/tool/ourdream-ai/,https://www.ainsfwtools.com/wp-content/uploads/2024/12/ourdream-ai-150x150.jpg," Create And Chat With NSFW Characters Using This NSFW Character Creator! ",https://www.ainsfwtools.com/tag/free-trial/,Free Trial,"NSFW Chatbots/Virtual Companions, NSFW Avatar Creators"
" Erotic AI  ",https://www.ainsfwtools.com/tool/erotic-ai/,https://www.ainsfwtools.com/wp-content/uploads/2024/11/erotic-ai-150x150.jpg," Erotica AI Story Generator With Multi Lingual, Good Accuracy, And Customization Options! ",https://www.ainsfwtools.com/tag/free-trial/,Free Trial,"NSFW Story Generators, Multi-Purpose NSFW Suites"
" WhatIfApp AI  ",https://www.ainsfwtools.com/tool/whatifapp-ai/,https://www.ainsfwtools.com/wp-content/uploads/2024/11/whatifapp-ai-150x150.jpg," Free NSFW AI Faceswap Tool For GIF, Videos, And Images! ",https://www.ainsfwtools.com/tag/free-trial/,Free Trial,"Face Swap/DeepFake Tools, NSFW Animation Creators"
" Kink AI  ",https://www.ainsfwtools.com/tool/kink-ai/,https://www.ainsfwtools.com/wp-content/uploads/2024/11/kink-ai-150x150.jpg," Kinky AI Chat And Image Generator! ",https://www.ainsfwtools.com/tag/freemium/,Freemium,"NSFW Chatbots/Virtual Companions, NSFW Image Generators"
" Virtual GF  ",https://www.ainsfwtools.com/tool/virtual-gf/,https://www.ainsfwtools.com/wp-content/uploads/2024/11/virtual-gf-150x150.jpg," Create Free Uncensored AI Virtual Girlfriend Without Sign Up! ",https://www.ainsfwtools.com/tag/freemium/,Freemium,"NSFW Chatbots/Virtual Companions, Uncensored/No Filter Content Creators"
"